time,runtime,adc_vb_f,adc_va_f,adc_vl_f,adc_ic_f,adc_il_f,t_hs,t_batt,t_amb,t_rts,charge_state,array_fault,vb_f,vb_ref,ahc_r,ahc_t,kwhc,load_state,load_fault,v_lvd,ahl_r,ahl_t,hourmeter,alarm,dip_switch,led_state,power_out,power_load,power_net,sweep_vmp,sweep_pmax,sweep_voc,vb_min_daily,vb_max_daily,ahc_daily,ahl_daily,ahnet_daily,array_fault_daily,load_fault_daily,alarm_daily,vb_min,vb_max,sensor_uptime,ping,sequence_count,timestamp,crc_errors,crc_errors_delta,crc_errors_hourly,crc_errors_daily,valid_packets,trigger_delta,trigger_rate_1min,trigger_rate_5min,trigger_rate_1hr,bytes_read,bytes_written,bytes_remaining,triggers_remaining,packets_sent,packets_dropped
2020-07-10 00:00:05.178910,25.6,12.604,14.355,12.585,0.423,1.971,50.0,49.0,49.0,25.0,7.0,0.0,12.604,12.535,350.7,350.7,4.5,1.0,0.0,11.478,195.8,195.8,4633.0,1.0,13.0,4.0,5.285,24.805,-22.32,14.395,5.722,17.844,12.491,13.968,28.6,25.1,3.5,0.0,0.0,1.0,10.779,20.898,9.089,0.0,32720.0,2018-02-26 14:20:11.872000+00:00,0.0,0.0,0.0,0.0,21.0,-0.0,-0.0,0.0,0.0,4.82,0.46,155.32,7060.0,0.0,0.0
2020-07-10 00:01:05.178893,25.62,12.601,14.551,12.576,0.396,1.974,49.0,49.0,49.0,25.0,7.0,0.0,12.601,12.535,350.8,350.8,4.5,1.0,0.0,11.478,195.8,195.8,4633.0,1.0,13.0,4.0,4.983,24.825,-22.642,14.587,5.179,17.798,12.491,13.968,28.7,25.1,3.6,0.0,0.0,1.0,10.779,20.898,9.106,0.0,32780.0,2018-02-26 14:21:11.880000+00:00,0.0,0.0,0.0,0.0,21.0,-0.0,-0.0,0.0,0.0,4.83,0.46,155.32,7060.0,0.0,0.0
2020-07-10 00:02:05.178919,25.63,12.598,14.554,12.57,0.362,1.966,49.0,49.0,49.0,25.0,7.0,0.0,12.601,12.535,350.8,350.8,4.5,1.0,0.0,11.478,195.8,195.8,4633.0,1.0,13.0,4.0,4.454,24.713,-23.059,14.587,5.179,17.798,12.491,13.968,28.7,25.1,3.6,0.0,0.0,1.0,10.779,20.898,9.122,0.0,32840.0,2018-02-26 14:22:11.888000+00:00,0.0,0.0,0.0,0.0,21.0,-0.0,-0.0,0.0,0.0,4.84,0.46,155.32,7060.0,0.0,0.0
2020-07-10 00:03:05.178914,25.65,12.598,14.548,12.561,0.319,1.945,49.0,48.0,48.0,25.0,7.0,0.0,12.598,12.564,350.8,350.8,4.5,1.0,0.0,11.478,195.9,195.9,4633.0,1.0,13.0,4.0,4.062,24.431,-23.169,14.587,5.179,17.798,12.491,13.968,28.7,25.2,3.5,0.0,0.0,1.0,10.779,20.898,9.139,0.0,32900.0,2018-02-26 14:23:11.896000+00:00,0.0,0.0,0.0,0.0,21.0,-0.0,-0.0,0.0,0.0,4.85,0.46,155.32,7060.0,0.0,0.0
2020-07-10 00:04:05.178915,25.67,12.598,14.752,12.546,0.246,1.988,48.0,48.0,48.0,25.0,7.0,0.0,12.598,12.564,350.8,350.8,4.5,1.0,0.0,11.475,195.9,195.9,4633.0,1.0,13.0,4.0,3.095,24.941,-24.646,14.789,3.291,17.371,12.491,13.968,28.7,25.2,3.5,0.0,0.0,1.0,10.779,20.898,9.156,0.0,32960.0,2018-02-26 14:24:11.904000+00:00,0.0,0.0,0.0,0.0,21.0,-0.0,-0.0,0.0,0.0,4.85,0.46,155.32,7060.0,0.0,0.0
2020-07-10 00:05:05.178903,25.68,12.598,14.752,12.546,0.21,1.966,48.0,48.0,48.0,25.0,7.0,0.0,12.598,12.564,350.8,350.8,4.5,1.0,0.0,11.475,195.9,195.9,4634.0,1.0,13.0,4.0,2.642,24.665,-24.823,14.789,3.291,17.371,12.491,13.968,28.7,25.2,3.5,0.0,0.0,1.0,10.779,20.898,9.172,0.0,33020.0,2018-02-26 14:25:11.913000+00:00,0.0,0.0,0.0,0.0,21.0,-0.0,-0.0,0.0,0.0,4.86,0.46,155.32,7060.0,0.0,0.0
2020-07-10 00:06:05.178906,25.7,12.598,14.752,12.546,0.184,1.93,48.0,48.0,48.0,25.0,7.0,0.0,12.598,12.564,350.8,350.8,4.5,1.0,0.0,11.475,196.0,196.0,4634.0,1.0,13.0,4.0,2.325,24.214,-24.689,14.789,3.291,17.371,12.491,13.968,28.7,25.3,3.4,0.0,0.0,1.0,10.779,20.898,9.189,0.0,33080.0,2018-02-26 14:26:11.922000+00:00,0.0,0.0,0.0,0.0,21.0,-0.0,-0.0,0.0,0.0,4.87,0.46,155.32,7060.0,0.0,0.0
2020-07-10 00:07:05.178993,25.72,12.567,13.62,12.546,0.172,2.012,48.0,47.0,47.0,25.0,7.0,0.0,12.589,12.594,350.8,350.8,4.5,1.0,0.0,11.475,196.0,196.0,4634.0,1.0,13.0,4.0,2.174,25.243,-25.869,12.723,3.291,16.962,12.491,13.968,28.7,25.3,3.4,0.0,0.0,1.0,10.779,20.898,9.205,0.0,33139.0,2018-02-26 14:27:10.930000+00:00,0.0,0.0,0.0,0.0,21.0,-0.0,-0.0,0.0,0.0,4.88,0.46,155.32,7060.0,0.0,0.0
2020-07-10 00:08:05.178868,25.73,12.564,13.62,12.546,0.159,2.02,47.0,47.0,47.0,25.0,7.0,0.0,12.57,12.594,350.8,350.8,4.5,1.0,0.0,11.475,196.0,196.0,4634.0,1.0,13.0,4.0,1.963,25.343,-26.18,12.64,3.291,16.852,12.491,13.968,28.7,25.3,3.4,0.0,0.0,1.0,10.779,20.898,9.222,0.0,33199.0,2018-02-26 14:28:10.938000+00:00,0.0,0.0,0.0,0.0,21.0,-0.0,-0.0,0.0,0.0,4.89,0.46,155.32,7060.0,0.0,0.0
2020-07-10 00:09:05.178955,25.75,12.564,13.62,12.546,0.15,1.998,47.0,47.0,47.0,25.0,7.0,0.0,12.567,12.594,350.8,350.8,4.5,1.0,0.0,11.475,196.1,196.1,4634.0,1.0,13.0,4.0,1.872,25.067,-25.995,12.628,3.291,16.833,12.491,13.968,28.7,25.4,3.3,0.0,0.0,1.0,10.779,20.898,9.239,0.0,33259.0,2018-02-26 14:29:10.946000+00:00,0.0,0.0,0.0,0.0,21.0,-0.0,-0.0,0.0,0.0,4.89,0.46,155.32,7060.0,0.0,0.0
2020-07-10 00:10:05.178830,25.77,12.567,13.62,12.546,0.145,1.983,47.0,47.0,47.0,25.0,7.0,0.0,12.567,12.594,350.8,350.8,4.5,1.0,0.0,11.475,196.1,196.1,4634.0,1.0,13.0,4.0,1.812,24.879,-25.867,12.601,3.291,16.797,12.491,13.968,28.7,25.4,3.3,0.0,0.0,1.0,10.779,20.898,9.255,0.0,33319.0,2018-02-26 14:30:10.954000+00:00,0.0,0.0,0.0,0.0,21.0,-0.0,-0.0,0.0,0.0,4.9,0.46,155.32,7060.0,0.0,0.0
2020-07-10 00:11:05.178769,25.78,12.567,13.62,12.546,0.138,1.94,47.0,47.0,47.0,25.0,7.0,0.0,12.573,12.594,350.8,350.8,4.5,1.0,0.0,11.475,196.1,196.1,4634.0,1.0,13.0,4.0,1.721,24.339,-25.418,12.546,3.291,16.724,12.491,13.968,28.7,25.4,3.3,0.0,0.0,1.0,10.779,20.898,9.272,0.0,33379.0,2018-02-26 14:31:10.962000+00:00,0.0,0.0,0.0,0.0,21.0,-0.0,-0.0,0.0,0.0,4.91,0.46,155.32,7060.0,0.0,0.0
2020-07-10 00:12:05.178754,25.8,12.582,13.62,12.546,0.135,1.904,46.0,46.0,46.0,25.0,7.0,0.0,12.582,12.623,350.8,350.8,4.5,1.0,0.0,11.475,196.2,196.2,4634.0,1.0,13.0,4.0,1.691,23.888,-24.997,12.546,3.291,16.724,12.491,13.968,28.7,25.5,3.2,0.0,0.0,1.0,10.779,20.898,9.289,0.0,33439.0,2018-02-26 14:32:10.970000+00:00,0.0,0.0,0.0,0.0,21.0,-0.0,-0.0,0.0,0.0,4.92,0.46,155.32,7060.0,0.0,0.0
2020-07-10 00:13:05.178747,25.82,12.567,13.62,12.546,0.133,1.933,46.0,46.0,46.0,25.0,7.0,0.0,12.585,12.623,350.8,350.8,4.5,1.0,0.0,11.475,196.2,196.2,4634.0,1.0,13.0,4.0,1.631,24.251,-25.42,12.546,3.291,16.724,12.491,13.968,28.7,25.5,3.2,0.0,0.0,1.0,10.779,20.898,9.305,0.0,33499.0,2018-02-26 14:33:10.978000+00:00,0.0,0.0,0.0,0.0,21.0,-0.0,-0.0,0.0,0.0,4.93,0.46,155.32,7060.0,0.0,0.0
2020-07-10 00:14:05.178725,25.83,12.582,13.62,12.546,0.13,1.904,46.0,46.0,46.0,25.0,7.0,0.0,12.582,12.623,350.8,350.8,4.5,1.0,0.0,11.475,196.2,196.2,4634.0,1.0,13.0,4.0,1.631,23.888,-25.057,12.546,3.291,16.724,12.491,13.968,28.7,25.5,3.2,0.0,0.0,1.0,10.779,20.898,9.322,0.0,33559.0,2018-02-26 14:34:10.987000+00:00,0.0,0.0,0.0,0.0,21.0,-0.0,-0.0,0.0,0.0,4.93,0.46,155.32,7060.0,0.0,0.0
2020-07-10 00:15:05.178812,25.85,12.567,13.602,12.546,0.126,1.935,46.0,46.0,46.0,25.0,7.0,0.0,12.57,12.623,350.8,350.8,4.5,1.0,0.0,11.475,196.2,196.2,4634.0,1.0,13.0,4.0,1.54,24.277,-25.537,12.534,3.291,16.708,12.491,13.968,28.7,25.5,3.2,0.0,0.0,1.0,10.779,20.898,9.339,0.0,33619.0,2018-02-26 14:35:10.995000+00:00,0.0,0.0,0.0,0.0,21.0,-0.0,-0.0,0.0,0.0,4.94,0.46,155.32,7060.0,0.0,0.0
2020-07-10 00:16:05.178793,25.87,12.564,13.574,12.546,0.121,1.945,46.0,45.0,45.0,25.0,7.0,0.0,12.567,12.653,350.8,350.8,4.5,1.0,0.0,11.475,196.3,196.3,4634.0,1.0,13.0,4.0,1.48,24.402,-25.722,12.476,3.291,16.632,12.491,13.968,28.7,25.6,3.1,0.0,0.0,1.0,10.779,20.898,9.355,0.0,33679.0,2018-02-26 14:36:11.003000+00:00,0.0,0.0,0.0,0.0,21.0,-0.0,-0.0,0.0,0.0,4.95,0.46,155.32,7060.0,0.0,0.0
2020-07-10 00:17:05.178810,25.88,12.564,13.547,12.546,0.118,1.959,45.0,45.0,45.0,25.0,7.0,0.0,12.567,12.653,350.8,350.8,4.5,1.0,0.0,11.475,196.3,196.3,4634.0,1.0,13.0,4.0,1.465,24.578,-25.913,12.463,3.291,16.614,12.491,13.968,28.7,25.6,3.1,0.0,0.0,1.0,10.779,20.898,9.372,0.0,33739.0,2018-02-26 14:37:11.011000+00:00,0.0,0.0,0.0,0.0,21.0,-0.0,-0.0,0.0,0.0,4.96,0.46,155.32,7060.0,0.0,0.0
2020-07-10 00:18:05.178778,25.9,12.567,13.535,12.546,0.116,1.974,45.0,45.0,45.0,25.0,7.0,0.0,12.567,12.653,350.8,350.8,4.5,1.0,0.0,11.475,196.3,196.3,4634.0,1.0,13.0,4.0,1.419,24.766,-26.147,12.463,3.291,16.614,12.491,13.968,28.7,25.6,3.1,0.0,0.0,1.0,10.779,20.898,9.389,0.0,33799.0,2018-02-26 14:38:11.018000+00:00,0.0,0.0,0.0,0.0,21.0,-0.0,-0.0,0.0,0.0,4.97,0.46,155.32,7060.0,0.0,0.0
2020-07-10 00:19:05.178760,25.92,12.567,13.535,12.546,0.111,1.918,45.0,45.0,45.0,25.0,7.0,0.0,12.567,12.653,350.8,350.8,4.5,1.0,0.0,11.475,196.4,196.4,4634.0,1.0,13.0,4.0,1.389,24.063,-25.474,12.463,3.291,16.614,12.491,13.968,28.7,25.7,3.0,0.0,0.0,1.0,10.779,20.898,9.405,0.0,33859.0,2018-02-26 14:39:11.026000+00:00,0.0,0.0,0.0,0.0,21.0,-0.0,-0.0,0.0,0.0,4.97,0.46,155.32,7060.0,0.0,0.0
2020-07-10 00:20:05.178735,25.93,12.564,13.535,12.546,0.109,1.925,45.0,45.0,45.0,25.0,5.0,0.0,12.567,13.234,350.8,350.8,4.5,1.0,0.0,11.475,196.4,196.4,4634.0,1.0,13.0,6.0,1.329,24.151,-25.622,12.396,3.291,16.525,12.491,13.968,28.7,25.7,3.0,0.0,0.0,1.0,10.779,20.898,9.422,0.0,33919.0,2018-02-26 14:40:11.035000+00:00,0.0,0.0,0.0,0.0,21.0,-0.0,-0.0,0.0,0.0,4.98,0.46,155.32,7060.0,0.0,0.0
2020-07-10 00:21:05.178751,25.95,12.567,13.531,12.546,0.106,1.95,44.0,44.0,44.0,25.0,5.0,0.0,12.567,13.263,350.8,350.8,4.5,1.0,0.0,11.475,196.4,196.4,4634.0,1.0,13.0,6.0,1.298,24.465,-25.967,12.39,3.291,16.516,12.491,13.968,28.7,25.7,3.0,0.0,0.0,1.0,10.779,20.898,9.439,0.0,33979.0,2018-02-26 14:41:11.042000+00:00,0.0,0.0,0.0,0.0,21.0,-0.0,-0.0,0.0,0.0,4.99,0.46,155.32,7060.0,0.0,0.0
2020-07-10 00:22:05.178755,25.97,12.564,13.528,12.546,0.114,1.921,44.0,44.0,44.0,25.0,5.0,0.0,12.567,13.263,350.8,350.8,4.5,1.0,0.0,11.475,196.5,196.5,4634.0,1.0,13.0,6.0,1.298,24.101,-25.603,12.39,3.291,16.516,12.491,13.968,28.7,25.8,2.9,0.0,0.0,1.0,10.779,20.898,9.455,0.0,34039.0,2018-02-26 14:42:11.050000+00:00,0.0,0.0,0.0,0.0,21.0,-0.0,-0.0,0.0,0.0,5.0,0.46,155.32,7060.0,0.0,0.0
2020-07-10 00:23:05.178776,25.98,12.567,13.513,12.546,0.106,1.928,44.0,44.0,44.0,25.0,5.0,0.0,12.567,13.263,350.8,350.8,4.5,1.0,0.0,11.475,196.5,196.5,4634.0,1.0,13.0,6.0,1.298,24.189,-25.691,12.32,3.291,16.425,12.491,13.968,28.7,25.8,2.9,0.0,0.0,1.0,10.779,20.898,9.472,0.0,34099.0,2018-02-26 14:43:11.059000+00:00,0.0,0.0,0.0,0.0,21.0,-0.0,-0.0,0.0,0.0,5.01,0.46,155.32,7060.0,0.0,0.0
2020-07-10 00:24:05.178713,26.0,12.564,13.513,12.546,0.094,1.969,44.0,44.0,44.0,25.0,5.0,0.0,12.564,13.263,350.8,350.8,4.5,1.0,0.0,11.472,196.5,196.5,4634.0,1.0,13.0,6.0,1.178,24.703,-26.325,12.308,3.291,16.406,12.491,13.968,28.7,25.8,2.9,0.0,0.0,1.0,10.779,20.898,9.489,0.0,34159.0,2018-02-26 14:44:11.066000+00:00,0.0,0.0,0.0,0.0,21.0,-0.0,-0.0,0.0,0.0,5.01,0.46,155.32,7060.0,0.0,0.0
2020-07-10 00:25:05.178749,26.02,12.561,13.513,12.543,0.097,1.979,44.0,44.0,44.0,25.0,5.0,0.0,12.561,13.263,350.8,350.8,4.5,1.0,0.0,11.472,196.6,196.6,4634.0,1.0,13.0,6.0,1.178,24.823,-26.445,12.308,3.291,16.406,12.491,13.968,28.7,25.9,2.8,0.0,0.0,1.0,10.779,20.898,9.505,0.0,34219.0,2018-02-26 14:45:11.075000+00:00,0.0,0.0,0.0,0.0,21.0,-0.0,-0.0,0.0,0.0,5.02,0.46,155.32,7060.0,0.0,0.0
2020-07-10 00:26:05.178699,26.03,12.558,13.513,12.546,0.097,1.995,43.0,44.0,44.0,25.0,5.0,0.0,12.561,13.263,350.8,350.8,4.5,1.0,0.0,11.472,196.6,196.6,4634.0,1.0,13.0,6.0,1.208,25.029,-26.621,12.308,3.291,16.406,12.491,13.968,28.7,25.9,2.8,0.0,0.0,1.0,10.779,20.898,9.522,0.0,34279.0,2018-02-26 14:46:11.083000+00:00,0.0,0.0,0.0,0.0,21.0,-0.0,-0.0,0.0,0.0,5.03,0.46,155.32,7060.0,0.0,0.0
2020-07-10 00:27:05.178747,26.05,12.558,13.513,12.546,0.097,1.983,43.0,43.0,43.0,25.0,5.0,0.0,12.561,13.293,350.8,350.8,4.5,1.0,0.0,11.472,196.6,196.6,4634.0,1.0,13.0,6.0,1.208,24.879,-26.471,12.314,3.291,16.415,12.491,13.968,28.7,25.9,2.8,0.0,0.0,1.0,10.779,20.898,9.539,0.0,34339.0,2018-02-26 14:47:11.091000+00:00,0.0,0.0,0.0,0.0,22.0,1.0,1.0,0.2,0.017,5.06,0.48,155.3,7059.0,0.0,0.0
2020-07-10 00:28:05.178731,26.07,12.561,13.513,12.546,0.097,1.964,43.0,43.0,43.0,25.0,5.0,0.0,12.561,13.293,350.8,350.8,4.5,1.0,0.0,11.472,196.7,196.7,4634.0,1.0,13.0,6.0,1.178,24.64,-26.262,12.308,3.291,16.406,12.491,13.968,28.7,26.0,2.7,0.0,0.0,1.0,10.779,20.898,9.555,0.0,34399.0,2018-02-26 14:48:11.099000+00:00,0.0,0.0,0.0,0.0,22.0,-0.0,-0.0,0.2,0.017,5.07,0.48,155.3,7059.0,0.0,0.0
2020-07-10 00:29:05.178719,26.08,12.561,13.513,12.546,0.089,1.986,43.0,43.0,43.0,25.0,5.0,0.0,12.561,13.293,350.8,350.8,4.5,1.0,0.0,11.472,196.7,196.7,4634.0,1.0,13.0,6.0,1.087,24.916,-26.629,12.308,3.291,16.406,12.491,13.968,28.7,26.0,2.7,0.0,0.0,1.0,10.779,20.898,9.572,0.0,34459.0,2018-02-26 14:49:11.108000+00:00,0.0,0.0,0.0,0.0,22.0,-0.0,-0.0,0.2,0.017,5.08,0.48,155.3,7059.0,0.0,0.0
2020-07-10 00:30:05.179079,26.1,12.564,13.513,12.546,0.089,1.94,43.0,43.0,43.0,25.0,5.0,0.0,12.561,13.293,350.8,350.8,4.5,1.0,0.0,11.472,196.7,196.7,4634.0,1.0,13.0,6.0,1.087,24.339,-26.052,12.225,3.291,16.296,12.491,13.968,28.7,26.0,2.7,0.0,0.0,1.0,10.779,20.898,9.589,0.0,34519.0,2018-02-26 14:50:11.117000+00:00,0.0,0.0,0.0,0.0,22.0,-0.0,-0.0,0.2,0.017,5.08,0.48,155.3,7059.0,0.0,0.0
2020-07-10 00:31:05.179029,26.12,12.564,13.531,12.546,0.104,1.911,43.0,43.0,43.0,25.0,5.0,0.0,12.567,13.293,350.8,350.8,4.5,1.0,0.0,11.475,196.8,196.8,4634.0,1.0,13.0,6.0,1.298,23.975,-25.477,12.32,3.291,16.425,12.491,13.968,28.7,26.1,2.6,0.0,0.0,1.0,10.779,20.898,9.605,0.0,34579.0,2018-02-26 14:51:11.126000+00:00,0.0,0.0,0.0,0.0,22.0,-0.0,-0.0,0.2,0.017,5.09,0.48,155.3,7059.0,0.0,0.0
2020-07-10 00:32:05.179020,26.13,12.564,13.531,12.546,0.106,1.913,43.0,43.0,43.0,25.0,5.0,0.0,12.567,13.293,350.8,350.8,4.5,1.0,0.0,11.475,196.8,196.8,4634.0,1.0,13.0,6.0,1.298,24.0,-25.502,12.405,3.291,16.537,12.491,13.968,28.7,26.1,2.6,0.0,0.0,1.0,10.779,20.898,9.622,0.0,34639.0,2018-02-26 14:52:11.135000+00:00,0.0,0.0,0.0,0.0,22.0,-0.0,-0.0,0.0,0.017,5.1,0.48,155.3,7059.0,0.0,0.0
2020-07-10 00:33:05.179061,26.15,12.567,13.516,12.546,0.097,1.901,42.0,42.0,42.0,25.0,5.0,0.0,12.567,13.322,350.8,350.8,4.5,1.0,0.0,11.475,196.8,196.8,4634.0,1.0,13.0,6.0,1.208,23.85,-25.442,12.39,3.291,16.516,12.491,13.968,28.7,26.1,2.6,0.0,0.0,1.0,10.779,20.898,9.639,0.0,34699.0,2018-02-26 14:53:11.143000+00:00,0.0,0.0,0.0,0.0,22.0,-0.0,-0.0,0.0,0.017,5.11,0.48,155.3,7059.0,0.0,0.0
2020-07-10 00:34:05.179018,26.17,12.564,13.513,12.546,0.085,1.892,42.0,42.0,42.0,25.0,5.0,0.0,12.567,13.322,350.8,350.8,4.5,1.0,0.0,11.475,196.9,196.9,4634.0,1.0,13.0,6.0,1.057,23.737,-25.48,12.308,3.291,16.406,12.491,13.968,28.7,26.2,2.5,0.0,0.0,1.0,10.779,20.898,9.655,0.0,34759.0,2018-02-26 14:54:11.151000+00:00,0.0,0.0,0.0,0.0,22.0,-0.0,-0.0,0.0,0.017,5.12,0.48,155.3,7059.0,0.0,0.0
2020-07-10 00:35:05.179066,26.18,12.561,13.513,12.546,0.082,1.916,42.0,42.0,42.0,25.0,5.0,0.0,12.561,13.322,350.8,350.8,4.5,1.0,0.0,11.475,196.9,196.9,4634.0,1.0,13.0,6.0,0.997,24.038,-25.841,12.225,3.291,16.296,12.491,13.968,28.7,26.2,2.5,0.0,0.0,1.0,10.779,20.898,9.672,0.0,34819.0,2018-02-26 14:55:11.159000+00:00,0.0,0.0,0.0,0.0,22.0,-0.0,-0.0,0.0,0.017,5.12,0.48,155.3,7059.0,0.0,0.0
2020-07-10 00:36:05.179049,26.2,12.558,13.513,12.546,0.08,1.937,42.0,42.0,42.0,25.0,5.0,0.0,12.561,13.322,350.8,350.8,4.5,1.0,0.0,11.475,196.9,196.9,4634.0,1.0,13.0,6.0,0.966,24.302,-26.136,12.143,3.291,16.187,12.491,13.968,28.7,26.2,2.5,0.0,0.0,1.0,10.779,20.898,9.689,0.0,34879.0,2018-02-26 14:56:11.166000+00:00,0.0,0.0,0.0,0.0,22.0,-0.0,-0.0,0.0,0.017,5.13,0.48,155.3,7059.0,0.0,0.0
2020-07-10 00:37:05.179063,26.22,12.558,13.513,12.546,0.08,1.94,42.0,42.0,42.0,25.0,5.0,0.0,12.558,13.322,350.8,350.8,4.5,1.0,0.0,11.475,197.0,197.0,4634.0,1.0,13.0,6.0,0.997,24.339,-26.142,12.143,3.291,16.187,12.491,13.968,28.7,26.3,2.4,0.0,0.0,1.0,10.779,20.898,9.705,0.0,34939.0,2018-02-26 14:57:11.174000+00:00,0.0,0.0,0.0,0.0,22.0,-0.0,-0.0,0.0,0.017,5.14,0.48,155.3,7059.0,0.0,0.0
2020-07-10 00:38:05.179023,26.23,12.558,13.513,12.546,0.077,1.974,41.0,42.0,42.0,25.0,5.0,0.0,12.558,13.322,350.8,350.8,4.5,1.0,0.0,11.475,197.0,197.0,4634.0,1.0,13.0,6.0,0.936,24.766,-26.63,12.143,3.291,16.187,12.491,13.968,28.7,26.3,2.4,0.0,0.0,1.0,10.779,20.898,9.722,0.0,34999.0,2018-02-26 14:58:11.182000+00:00,0.0,0.0,0.0,0.0,22.0,-0.0,-0.0,0.0,0.017,5.15,0.48,155.3,7059.0,0.0,0.0
2020-07-10 00:39:05.178976,26.25,12.561,13.513,12.546,0.077,1.901,41.0,42.0,42.0,25.0,5.0,0.0,12.561,13.322,350.8,350.8,4.5,1.0,0.0,11.475,197.0,197.0,4634.0,1.0,13.0,6.0,0.966,23.85,-25.684,12.143,3.291,16.187,12.491,13.968,28.7,26.3,2.4,0.0,0.0,1.0,10.779,20.898,9.739,0.0,35059.0,2018-02-26 14:59:11.190000+00:00,0.0,0.0,0.0,0.0,22.0,-0.0,-0.0,0.0,0.017,5.16,0.48,155.3,7059.0,0.0,0.0
2020-07-10 00:40:05.178982,26.27,12.558,13.513,12.546,0.082,1.935,41.0,41.0,41.0,25.0,5.0,0.0,12.558,13.352,350.8,350.8,4.5,1.0,0.0,11.475,197.1,197.1,4634.0,1.0,13.0,6.0,0.997,24.277,-26.08,12.143,3.291,16.187,12.491,13.968,28.7,26.4,2.3,0.0,0.0,1.0,10.779,20.898,9.755,0.0,35119.0,2018-02-26 15:00:11.198000+00:00,0.0,0.0,0.0,0.0,22.0,-0.0,-0.0,0.0,0.017,5.16,0.48,155.3,7059.0,0.0,0.0
2020-07-10 00:41:05.179011,26.28,12.558,13.513,12.546,0.082,1.933,41.0,41.0,41.0,25.0,5.0,0.0,12.558,13.352,350.8,350.8,4.5,1.0,0.0,11.475,197.1,197.1,4634.0,1.0,13.0,6.0,1.027,24.251,-26.024,12.198,3.291,16.263,12.491,13.968,28.7,26.4,2.3,0.0,0.0,1.0,10.779,20.898,9.772,0.0,35179.0,2018-02-26 15:01:11.206000+00:00,0.0,0.0,0.0,0.0,22.0,-0.0,-0.0,0.0,0.017,5.17,0.48,155.3,7059.0,0.0,0.0
2020-07-10 00:42:05.179024,26.3,12.558,13.513,12.546,0.099,1.942,41.0,41.0,41.0,25.0,5.0,0.0,12.558,13.352,350.8,350.8,4.5,1.0,0.0,11.475,197.1,197.1,4634.0,1.0,13.0,6.0,1.238,24.364,-25.926,12.225,3.291,16.296,12.491,13.968,28.7,26.4,2.3,0.0,0.0,1.0,10.779,20.898,9.789,0.0,35239.0,2018-02-26 15:02:11.214000+00:00,0.0,0.0,0.0,0.0,22.0,-0.0,-0.0,0.0,0.017,5.18,0.48,155.3,7059.0,0.0,0.0
2020-07-10 00:43:05.178996,26.32,12.558,13.513,12.546,0.087,1.911,41.0,41.0,41.0,25.0,5.0,0.0,12.558,13.352,350.8,350.8,4.5,1.0,0.0,11.475,197.2,197.2,4634.0,1.0,13.0,6.0,1.117,23.975,-25.658,12.149,3.291,16.196,12.491,13.968,28.7,26.5,2.2,0.0,0.0,1.0,10.779,20.898,9.805,0.0,35299.0,2018-02-26 15:03:11.222000+00:00,0.0,0.0,0.0,0.0,22.0,-0.0,-0.0,0.0,0.017,5.19,0.48,155.3,7059.0,0.0,0.0
2020-07-10 00:44:05.179008,26.33,12.558,13.51,12.546,0.072,1.966,41.0,41.0,41.0,25.0,5.0,0.0,12.558,13.352,350.8,350.8,4.5,1.0,0.0,11.472,197.2,197.2,4634.0,1.0,13.0,6.0,0.906,24.665,-26.559,12.112,3.291,16.147,12.491,13.968,28.7,26.5,2.2,0.0,0.0,1.0,10.779,20.898,9.822,0.0,35359.0,2018-02-26 15:04:11.230000+00:00,0.0,0.0,0.0,0.0,22.0,-0.0,-0.0,0.0,0.017,5.2,0.48,155.3,7059.0,0.0,0.0
2020-07-10 00:45:05.179008,26.35,12.558,13.428,12.546,0.07,1.995,41.0,41.0,41.0,25.0,5.0,0.0,12.558,13.352,350.8,350.8,4.5,1.0,0.0,11.472,197.2,197.2,4634.0,1.0,13.0,6.0,0.846,25.029,-26.983,12.0,3.291,15.997,12.491,13.968,28.7,26.5,2.2,0.0,0.0,1.0,10.779,20.898,9.839,0.0,35419.0,2018-02-26 15:05:11.238000+00:00,0.0,0.0,0.0,0.0,22.0,-0.0,-0.0,0.0,0.017,5.2,0.48,155.3,7059.0,0.0,0.0
2020-07-10 00:46:05.178995,26.37,12.558,13.406,12.546,0.06,1.988,41.0,41.0,41.0,25.0,5.0,0.0,12.558,13.352,350.8,350.8,4.5,1.0,0.0,11.472,197.3,197.3,4634.0,1.0,13.0,6.0,0.725,24.941,-27.016,11.905,3.291,15.869,12.491,13.968,28.7,26.6,2.1,0.0,0.0,1.0,10.779,20.898,9.855,0.0,35479.0,2018-02-26 15:06:11.246000+00:00,0.0,0.0,0.0,0.0,22.0,-0.0,-0.0,0.0,0.017,5.21,0.48,155.3,7059.0,0.0,0.0
2020-07-10 00:47:05.178985,26.38,12.558,13.406,12.546,0.056,2.003,40.0,41.0,41.0,25.0,5.0,0.0,12.558,13.352,350.8,350.8,4.5,1.0,0.0,11.472,197.3,197.3,4634.0,1.0,13.0,6.0,0.664,25.13,-27.266,11.823,3.291,15.759,12.491,13.968,28.7,26.6,2.1,0.0,0.0,1.0,10.779,20.898,9.872,0.0,35539.0,2018-02-26 15:07:11.254000+00:00,0.0,0.0,0.0,0.0,23.0,1.0,1.0,0.2,0.033,5.24,0.51,155.28,7058.0,0.0,0.0
2020-07-10 00:48:05.178980,26.4,12.558,13.351,12.546,0.048,2.012,40.0,41.0,41.0,25.0,5.0,0.0,12.558,13.352,350.8,350.8,4.5,1.0,0.0,11.472,197.3,197.3,4634.0,1.0,13.0,6.0,0.604,25.243,-27.439,11.679,3.291,15.57,12.491,13.968,28.7,26.6,2.1,0.0,0.0,1.0,10.779,20.898,9.889,0.0,35599.0,2018-02-26 15:08:11.262000+00:00,0.0,0.0,0.0,0.0,23.0,-0.0,-0.0,0.2,0.033,5.25,0.51,155.28,7058.0,0.0,0.0
2020-07-10 00:49:05.178987,26.42,12.558,13.3,12.546,0.041,1.959,40.0,41.0,41.0,25.0,5.0,0.0,12.558,13.352,350.8,350.8,4.5,1.0,0.0,11.472,197.4,197.4,4634.0,1.0,13.0,6.0,0.513,24.578,-26.865,11.584,3.291,15.442,12.491,13.968,28.7,26.7,2.0,0.0,0.0,1.0,10.779,20.898,9.905,0.0,35659.0,2018-02-26 15:09:11.270000+00:00,0.0,0.0,0.0,0.0,23.0,-0.0,-0.0,0.2,0.033,5.26,0.51,155.28,7058.0,0.0,0.0
2020-07-10 00:50:05.178888,26.43,12.558,13.3,12.546,0.034,1.913,40.0,41.0,41.0,25.0,5.0,0.0,12.558,13.352,350.8,350.8,4.5,1.0,0.0,11.472,197.4,197.4,4634.0,1.0,13.0,6.0,0.453,24.0,-26.347,11.42,3.291,15.222,12.491,13.968,28.7,26.7,2.0,0.0,0.0,1.0,10.779,20.898,9.922,0.0,35719.0,2018-02-26 15:10:11.279000+00:00,0.0,0.0,0.0,0.0,23.0,-0.0,-0.0,0.2,0.033,5.27,0.51,155.28,7058.0,0.0,0.0
2020-07-10 00:51:05.178877,26.45,12.558,13.3,12.546,0.031,1.901,40.0,40.0,40.0,25.0,5.0,0.0,12.558,13.381,350.8,350.8,4.5,1.0,0.0,11.472,197.4,197.4,4634.0,1.0,13.0,6.0,0.393,23.85,-26.257,11.337,3.291,15.112,12.491,13.968,28.7,26.7,2.0,0.0,0.0,1.0,10.779,20.898,9.939,0.0,35779.0,2018-02-26 15:11:11.287000+00:00,0.0,0.0,0.0,0.0,23.0,-0.0,-0.0,0.2,0.033,5.27,0.51,155.28,7058.0,0.0,0.0
2020-07-10 00:52:05.178873,26.47,12.558,13.29,12.546,0.029,1.894,40.0,40.0,40.0,25.0,5.0,0.0,12.558,13.381,350.8,350.8,4.5,1.0,0.0,11.472,197.4,197.4,4634.0,1.0,13.0,6.0,0.362,23.762,-26.2,11.276,3.291,15.033,12.491,13.968,28.7,26.7,2.0,0.0,0.0,1.0,10.779,20.898,9.955,0.0,35839.0,2018-02-26 15:12:11.296000+00:00,0.0,0.0,0.0,0.0,23.0,-0.0,-0.0,0.0,0.033,5.28,0.51,155.28,7058.0,0.0,0.0
2020-07-10 00:53:05.178913,26.48,12.558,13.214,12.546,0.027,1.921,39.0,40.0,40.0,25.0,5.0,0.0,12.558,13.381,350.8,350.8,4.5,1.0,0.0,11.475,197.5,197.5,4634.0,1.0,13.0,6.0,0.302,24.101,-26.599,11.194,3.291,14.923,12.491,13.968,28.7,26.8,1.9,0.0,0.0,1.0,10.779,20.898,9.972,0.0,35899.0,2018-02-26 15:13:11.304000+00:00,0.0,0.0,0.0,0.0,23.0,-0.0,-0.0,0.0,0.033,5.29,0.51,155.28,7058.0,0.0,0.0
2020-07-10 00:54:05.178877,26.5,12.558,13.193,12.546,0.019,1.865,39.0,40.0,40.0,25.0,5.0,0.0,12.558,13.381,350.8,350.8,4.5,1.0,0.0,11.472,197.5,197.5,4634.0,1.0,13.0,6.0,0.211,23.398,-25.987,11.194,3.291,14.923,12.491,13.968,28.7,26.8,1.9,0.0,0.0,1.0,10.779,20.898,9.989,0.0,35959.0,2018-02-26 15:14:11.312000+00:00,0.0,0.0,0.0,0.0,23.0,-0.0,-0.0,0.0,0.033,5.3,0.51,155.28,7058.0,0.0,0.0
2020-07-10 00:55:05.178946,26.52,12.558,13.193,12.546,0.012,1.906,39.0,40.0,40.0,25.0,5.0,0.0,12.558,13.381,350.8,350.8,4.5,1.0,0.0,11.472,197.5,197.5,4634.0,1.0,13.0,6.0,0.151,23.913,-26.562,11.002,3.291,14.667,12.491,13.968,28.7,26.8,1.9,0.0,0.0,1.0,10.779,20.898,10.005,0.0,36019.0,2018-02-26 15:15:11.320000+00:00,0.0,0.0,0.0,0.0,23.0,-0.0,-0.0,0.0,0.033,5.31,0.51,155.28,7058.0,0.0,0.0
2020-07-10 00:56:05.178942,26.53,12.558,13.104,12.531,0.005,1.95,39.0,40.0,40.0,25.0,5.0,0.0,12.558,13.381,350.8,350.8,4.5,1.0,0.0,11.472,197.6,197.6,4634.0,1.0,13.0,6.0,0.03,24.435,-27.205,10.696,3.291,14.258,12.491,13.968,28.7,26.9,1.8,0.0,0.0,1.0,10.779,20.898,10.022,0.0,36079.0,2018-02-26 15:16:11.328000+00:00,0.0,0.0,0.0,0.0,23.0,-0.0,-0.0,0.0,0.033,5.31,0.51,155.28,7058.0,0.0,0.0
2020-07-10 00:57:05.178964,26.55,12.558,13.083,12.531,0.002,1.95,39.0,40.0,40.0,25.0,5.0,0.0,12.558,13.381,350.8,350.8,4.5,1.0,0.0,11.472,197.6,197.6,4634.0,1.0,13.0,6.0,0.03,24.435,-27.205,10.458,3.291,13.94,12.491,13.968,28.7,26.9,1.8,0.0,0.0,1.0,10.779,20.898,10.039,0.0,36139.0,2018-02-26 15:17:11.336000+00:00,0.0,0.0,0.0,0.0,23.0,-0.0,-0.0,0.0,0.033,5.32,0.51,155.28,7058.0,0.0,0.0
2020-07-10 00:58:05.178914,26.57,12.558,13.083,12.527,0.002,1.969,39.0,40.0,40.0,25.0,5.0,0.0,12.558,13.381,350.8,350.8,4.5,1.0,0.0,11.472,197.6,197.6,4634.0,1.0,13.0,6.0,0.0,24.666,-27.466,10.211,3.291,13.611,12.491,13.968,28.7,26.9,1.8,0.0,0.0,1.0,10.779,20.898,10.055,0.0,36199.0,2018-02-26 15:18:11.344000+00:00,0.0,0.0,0.0,0.0,23.0,-0.0,-0.0,0.0,0.033,5.33,0.51,155.28,7058.0,0.0,0.0
2020-07-10 00:59:05.178935,26.58,12.558,13.028,12.54,0.0,1.918,39.0,39.0,39.0,25.0,5.0,0.0,12.558,13.411,350.8,350.8,4.5,1.0,0.0,11.472,197.7,197.7,4634.0,1.0,13.0,6.0,0.0,24.052,-26.852,10.068,3.291,13.422,12.491,13.968,28.7,27.0,1.7,0.0,0.0,1.0,10.779,20.898,10.072,0.0,36259.0,2018-02-26 15:19:11.352000+00:00,0.0,0.0,0.0,0.0,23.0,-0.0,-0.0,0.0,0.033,5.34,0.51,155.28,7058.0,0.0,0.0
2020-07-10 01:00:05.178906,26.6,12.558,12.976,12.543,0.0,1.896,39.0,39.0,39.0,25.0,5.0,0.0,12.558,13.411,350.8,350.8,4.5,1.0,0.0,11.472,197.7,197.7,4634.0,1.0,13.0,6.0,0.0,23.782,-26.582,9.973,3.291,13.293,12.491,13.968,28.7,27.0,1.7,0.0,0.0,1.0,10.779,20.898,10.089,0.0,36319.0,2018-02-26 15:20:11.360000+00:00,0.0,0.0,0.0,0.0,23.0,-0.0,-0.0,0.0,0.033,5.35,0.51,155.28,7058.0,0.0,0.0
2020-07-10 01:01:05.178957,26.62,12.558,12.762,12.527,0.01,1.908,39.0,39.0,39.0,25.0,5.0,0.0,12.558,13.411,350.8,350.8,4.5,1.0,0.0,11.472,197.7,197.7,4634.0,1.0,13.0,6.0,0.0,23.902,-26.702,9.808,3.291,13.074,12.491,13.968,28.7,27.0,1.7,0.0,0.0,1.0,10.779,20.898,10.105,0.0,36379.0,2018-02-26 15:21:11.368000+00:00,0.0,0.0,0.0,0.0,23.0,-0.0,-0.0,0.0,0.033,5.35,0.51,155.28,7058.0,0.0,0.0
2020-07-10 01:02:05.178871,26.63,12.555,12.46,12.518,0.027,1.901,39.0,39.0,39.0,25.0,5.0,0.0,12.555,13.411,350.8,350.8,4.5,1.0,0.0,11.472,197.8,197.8,4634.0,1.0,13.0,6.0,0.544,23.797,-26.053,9.576,3.291,12.766,12.491,13.968,28.7,27.1,1.6,0.0,0.0,1.0,10.779,20.898,10.122,0.0,36439.0,2018-02-26 15:22:11.376000+00:00,0.0,0.0,0.0,0.0,23.0,-0.0,-0.0,0.0,0.033,5.36,0.51,155.28,7058.0,0.0,0.0
2020-07-10 01:03:05.178882,26.65,12.558,12.225,12.527,0.022,1.882,39.0,39.0,39.0,25.0,5.0,0.0,12.558,13.411,350.8,350.8,4.5,1.0,0.0,11.472,197.8,197.8,4634.0,1.0,13.0,6.0,0.03,23.576,-26.346,9.412,3.291,12.549,12.491,13.968,28.7,27.1,1.6,0.0,0.0,1.0,10.779,20.898,10.139,0.0,36499.0,2018-02-26 15:23:11.384000+00:00,0.0,0.0,0.0,0.0,23.0,-0.0,-0.0,0.0,0.033,5.37,0.51,155.28,7058.0,0.0,0.0
2020-07-10 01:04:05.178887,26.67,12.552,12.012,12.512,0.012,1.933,38.0,39.0,39.0,25.0,5.0,0.0,12.555,13.411,350.8,350.8,4.5,1.0,0.0,11.472,197.8,197.8,4634.0,1.0,13.0,6.0,0.03,24.186,-26.956,9.164,3.291,12.219,12.491,13.968,28.7,27.1,1.6,0.0,0.0,1.0,10.779,20.898,10.155,0.0,36559.0,2018-02-26 15:24:11.392000+00:00,0.0,0.0,0.0,0.0,23.0,-0.0,-0.0,0.0,0.033,5.38,0.51,155.28,7058.0,0.0,0.0
2020-07-10 01:05:05.178882,26.68,12.543,11.819,12.509,0.0,1.95,38.0,39.0,39.0,25.0,5.0,0.0,12.543,13.411,350.8,350.8,4.5,1.0,0.0,11.472,197.9,197.9,4635.0,1.0,13.0,6.0,0.0,24.393,-27.193,9.009,3.291,12.012,12.491,13.968,28.7,27.2,1.5,0.0,0.0,1.0,10.779,20.898,10.172,0.0,36619.0,2018-02-26 15:25:11.400000+00:00,0.0,0.0,0.0,0.0,23.0,-0.0,-0.0,0.0,0.033,5.39,0.51,155.28,7058.0,0.0,0.0
2020-07-10 01:06:05.178862,26.7,12.531,11.581,12.509,0.0,1.995,38.0,39.0,39.0,25.0,5.0,0.0,12.537,13.411,350.8,350.8,4.5,1.0,0.0,11.472,197.9,197.9,4635.0,1.0,13.0,6.0,0.0,24.955,-27.755,8.85,3.291,11.801,12.491,13.968,28.7,27.2,1.5,0.0,0.0,1.0,10.779,20.898,10.189,0.0,36679.0,2018-02-26 15:26:11.408000+00:00,0.0,0.0,0.0,0.0,23.0,-0.0,-0.0,0.0,0.033,5.39,0.51,155.28,7058.0,0.0,0.0
2020-07-10 01:07:05.178889,26.72,12.527,11.261,12.509,0.005,1.983,38.0,39.0,39.0,25.0,3.0,0.0,12.534,0.0,350.8,350.8,4.5,1.0,0.0,11.472,197.9,197.9,4635.0,1.0,13.0,6.0,0.03,24.805,-27.575,8.612,3.291,11.484,12.491,13.968,28.7,27.2,1.5,0.0,0.0,1.0,10.779,20.898,10.205,0.0,36739.0,2018-02-26 15:27:11.416000+00:00,0.0,0.0,0.0,0.0,23.0,-0.0,-0.0,0.0,0.033,5.4,0.51,155.28,7058.0,0.0,0.0
2020-07-10 01:08:05.178836,26.73,12.531,10.934,12.509,0.005,1.974,38.0,38.0,38.0,25.0,3.0,0.0,12.531,0.0,350.8,350.8,4.5,1.0,0.0,11.472,198.0,198.0,4635.0,1.0,13.0,6.0,0.03,24.693,-27.463,8.612,3.291,11.484,12.491,13.968,28.7,27.3,1.4,0.0,0.0,1.0,10.779,20.898,10.222,0.0,36799.0,2018-02-26 15:28:11.424000+00:00,0.0,0.0,0.0,0.0,23.0,-0.0,-0.0,0.0,0.033,5.41,0.51,155.28,7058.0,0.0,0.0
2020-07-10 01:09:05.178865,26.75,12.531,10.51,12.509,0.005,1.942,38.0,38.0,38.0,25.0,3.0,0.0,12.531,0.0,350.8,350.8,4.5,1.0,0.0,11.472,198.0,198.0,4635.0,1.0,13.0,6.0,0.03,24.292,-27.062,8.612,3.291,11.484,12.491,13.968,28.7,27.3,1.4,0.0,0.0,1.0,10.779,20.898,10.239,0.0,36859.0,2018-02-26 15:29:11.432000+00:00,0.0,0.0,0.0,0.0,23.0,-0.0,-0.0,0.0,0.033,5.42,0.51,155.28,7058.0,0.0,0.0
2020-07-10 01:10:05.178902,26.77,12.531,9.995,12.509,0.002,1.962,38.0,38.0,38.0,25.0,3.0,0.0,12.531,0.0,350.8,350.8,4.5,1.0,0.0,11.472,198.0,198.0,4635.0,1.0,13.0,6.0,0.03,24.543,-27.313,8.612,3.291,11.484,12.491,13.968,28.7,27.3,1.4,0.0,0.0,1.0,10.779,20.898,10.255,0.0,36919.0,2018-02-26 15:30:11.440000+00:00,0.0,0.0,0.0,0.0,23.0,-0.0,-0.0,0.0,0.033,5.43,0.51,155.28,7058.0,0.0,0.0
2020-07-10 01:11:05.178779,26.78,12.537,9.567,12.509,0.002,1.913,38.0,38.0,38.0,25.0,3.0,0.0,12.534,0.0,350.8,350.8,4.5,1.0,0.0,11.472,198.1,198.1,4635.0,1.0,13.0,6.0,0.03,23.93,-26.7,8.612,3.291,11.484,12.491,13.968,28.7,27.4,1.3,0.0,0.0,1.0,10.779,20.898,10.272,0.0,36979.0,2018-02-26 15:31:11.448000+00:00,0.0,0.0,0.0,0.0,23.0,-0.0,-0.0,0.0,0.033,5.43,0.51,155.28,7058.0,0.0,0.0
2020-07-10 01:12:05.178738,26.8,12.537,9.137,12.509,0.005,1.916,37.0,38.0,38.0,25.0,3.0,0.0,12.543,0.0,350.8,350.8,4.5,1.0,0.0,11.472,198.1,198.1,4635.0,1.0,13.0,6.0,0.03,23.967,-26.737,8.612,3.291,11.484,12.491,13.968,28.7,27.4,1.3,0.0,0.0,1.0,10.779,20.898,10.289,0.0,37039.0,2018-02-26 15:32:11.456000+00:00,0.0,0.0,0.0,0.0,23.0,-0.0,-0.0,0.0,0.033,5.44,0.51,155.28,7058.0,0.0,0.0
2020-07-10 01:13:05.178748,26.82,12.54,8.707,12.509,0.005,1.913,37.0,38.0,38.0,25.0,3.0,0.0,12.546,0.0,350.8,350.8,4.5,1.0,0.0,11.472,198.1,198.1,4635.0,1.0,13.0,6.0,0.03,23.93,-26.7,8.612,3.291,11.484,12.491,13.968,28.7,27.4,1.3,0.0,0.0,1.0,10.779,20.898,10.305,0.0,37099.0,2018-02-26 15:33:11.464000+00:00,0.0,0.0,0.0,0.0,23.0,-0.0,-0.0,0.0,0.033,5.45,0.51,155.28,7058.0,0.0,0.0
2020-07-10 01:14:05.178719,26.83,12.546,8.258,12.509,0.005,1.877,37.0,38.0,38.0,25.0,3.0,0.0,12.543,0.0,350.8,350.8,4.5,1.0,0.0,11.472,198.2,198.2,4635.0,1.0,13.0,6.0,0.03,23.479,-26.249,8.612,3.291,11.484,12.491,13.968,28.7,27.5,1.2,0.0,0.0,1.0,10.779,20.898,10.322,0.0,37159.0,2018-02-26 15:34:11.472000+00:00,0.0,0.0,0.0,0.0,24.0,1.0,1.0,0.2,0.05,5.48,0.53,155.25,7057.0,0.0,0.0
2020-07-10 01:15:05.178864,26.85,12.54,7.828,12.509,0.005,1.882,37.0,38.0,38.0,25.0,3.0,0.0,12.537,0.0,350.8,350.8,4.5,1.0,0.0,11.472,198.2,198.2,4635.0,1.0,13.0,6.0,0.03,23.542,-26.312,8.612,3.291,11.484,12.491,13.968,28.7,27.5,1.2,0.0,0.0,1.0,10.779,20.898,10.339,0.0,37219.0,2018-02-26 15:35:11.480000+00:00,0.0,0.0,0.0,0.0,24.0,-0.0,-0.0,0.2,0.05,5.49,0.53,155.25,7057.0,0.0,0.0
2020-07-10 01:16:05.178763,26.87,12.534,7.339,12.509,0.005,1.916,37.0,38.0,38.0,25.0,3.0,0.0,12.534,0.0,350.8,350.8,4.5,1.0,0.0,11.472,198.2,198.2,4635.0,1.0,13.0,6.0,0.03,23.967,-26.737,8.612,3.291,11.484,12.491,13.968,28.7,27.5,1.2,0.0,0.0,1.0,10.779,20.898,10.355,0.0,37279.0,2018-02-26 15:36:11.488000+00:00,0.0,0.0,0.0,0.0,24.0,-0.0,-0.0,0.2,0.05,5.5,0.53,155.25,7057.0,0.0,0.0
2020-07-10 01:17:05.178754,26.88,12.531,6.863,12.509,0.005,1.911,37.0,38.0,38.0,25.0,3.0,0.0,12.534,0.0,350.8,350.8,4.5,1.0,0.0,11.472,198.2,198.2,4635.0,1.0,13.0,6.0,0.03,23.905,-26.675,8.612,3.291,11.484,12.491,13.968,28.7,27.5,1.2,0.0,0.0,1.0,10.779,20.898,10.372,0.0,37339.0,2018-02-26 15:37:11.496000+00:00,0.0,0.0,0.0,0.0,24.0,-0.0,-0.0,0.2,0.05,5.5,0.53,155.25,7057.0,0.0,0.0
2020-07-10 01:18:05.178774,26.9,12.531,6.326,12.509,0.005,1.928,37.0,38.0,38.0,25.0,3.0,0.0,12.534,0.0,350.8,350.8,4.5,1.0,0.0,11.472,198.3,198.3,4635.0,1.0,13.0,6.0,0.03,24.117,-26.887,8.612,3.291,11.484,12.491,13.968,28.7,27.6,1.1,0.0,0.0,1.0,10.779,20.898,10.389,0.0,37399.0,2018-02-26 15:38:11.504000+00:00,0.0,0.0,0.0,0.0,24.0,-0.0,-0.0,0.2,0.05,5.51,0.53,155.25,7057.0,0.0,0.0
2020-07-10 01:19:05.178735,26.92,12.527,5.789,12.509,0.005,1.942,37.0,38.0,38.0,25.0,3.0,0.0,12.531,0.0,350.8,350.8,4.5,1.0,0.0,11.472,198.3,198.3,4635.0,1.0,13.0,6.0,0.03,24.292,-27.062,8.612,3.291,11.484,12.491,13.968,28.7,27.6,1.1,0.0,0.0,1.0,10.779,20.898,10.405,0.0,37459.0,2018-02-26 15:39:11.512000+00:00,0.0,0.0,0.0,0.0,24.0,-0.0,-0.0,0.0,0.05,5.52,0.53,155.25,7057.0,0.0,0.0
2020-07-10 01:20:05.178748,26.93,12.531,5.276,12.509,0.002,1.906,37.0,38.0,38.0,25.0,3.0,0.0,12.531,0.0,350.8,350.8,4.5,1.0,0.0,11.472,198.3,198.3,4635.0,1.0,13.0,6.0,0.03,23.842,-26.612,8.612,3.291,11.484,12.491,13.968,28.7,27.6,1.1,0.0,0.0,1.0,10.779,20.898,10.422,0.0,37519.0,2018-02-26 15:40:11.520000+00:00,0.0,0.0,0.0,0.0,24.0,-0.0,-0.0,0.0,0.05,5.53,0.53,155.25,7057.0,0.0,0.0
2020-07-10 01:21:05.178686,26.95,12.527,4.932,12.509,0.005,1.896,37.0,37.0,37.0,25.0,3.0,0.0,12.531,0.0,350.8,350.8,4.5,1.0,0.0,11.472,198.4,198.4,4635.0,1.0,13.0,6.0,0.03,23.717,-26.487,8.612,3.291,11.484,12.491,13.968,28.7,27.7,1.0,0.0,0.0,1.0,10.779,20.898,10.439,0.0,37579.0,2018-02-26 15:41:11.529000+00:00,0.0,0.0,0.0,0.0,24.0,-0.0,-0.0,0.0,0.05,5.54,0.53,155.25,7057.0,0.0,0.0
2020-07-10 01:22:05.178689,26.97,12.531,4.608,12.509,0.002,1.899,37.0,37.0,37.0,25.0,3.0,0.0,12.531,0.0,350.8,350.8,4.5,1.0,0.0,11.472,198.4,198.4,4635.0,1.0,13.0,6.0,0.03,23.755,-26.525,8.612,3.291,11.484,12.491,13.968,28.7,27.7,1.0,0.0,0.0,1.0,10.779,20.898,10.455,0.0,37639.0,2018-02-26 15:42:11.537000+00:00,0.0,0.0,0.0,0.0,24.0,-0.0,-0.0,0.0,0.05,5.54,0.53,155.25,7057.0,0.0,0.0
2020-07-10 01:23:05.178653,26.98,12.534,4.181,12.509,0.005,1.865,37.0,37.0,37.0,25.0,3.0,0.0,12.534,0.0,350.8,350.8,4.5,1.0,0.0,11.472,198.4,198.4,4635.0,1.0,13.0,6.0,0.03,23.329,-26.099,8.612,3.291,11.484,12.491,13.968,28.7,27.7,1.0,0.0,0.0,1.0,10.779,20.898,10.472,0.0,37699.0,2018-02-26 15:43:11.545000+00:00,0.0,0.0,0.0,0.0,24.0,-0.0,-0.0,0.0,0.05,5.55,0.53,155.25,7057.0,0.0,0.0
2020-07-10 01:24:05.178678,27.0,12.531,3.842,12.509,0.005,1.884,36.0,37.0,37.0,25.0,3.0,0.0,12.531,0.0,350.8,350.8,4.5,1.0,0.0,11.472,198.5,198.5,4635.0,1.0,13.0,6.0,0.03,23.567,-26.337,8.612,3.291,11.484,12.491,13.968,28.7,27.8,0.9,0.0,0.0,1.0,10.779,20.898,10.489,0.0,37759.0,2018-02-26 15:44:11.553000+00:00,0.0,0.0,0.0,0.0,24.0,-0.0,-0.0,0.0,0.05,5.56,0.53,155.25,7057.0,0.0,0.0
2020-07-10 01:25:05.178636,27.02,12.531,3.394,12.509,0.005,1.884,36.0,37.0,37.0,25.0,3.0,0.0,12.531,0.0,350.8,350.8,4.5,1.0,0.0,11.472,198.5,198.5,4635.0,1.0,13.0,6.0,0.03,23.567,-26.337,8.612,3.291,11.484,12.491,13.968,28.7,27.8,0.9,0.0,0.0,1.0,10.779,20.898,10.505,0.0,37819.0,2018-02-26 15:45:11.562000+00:00,0.0,0.0,0.0,0.0,24.0,-0.0,-0.0,0.0,0.05,5.57,0.53,155.25,7057.0,0.0,0.0
2020-07-10 01:26:05.178748,27.03,12.527,2.914,12.509,0.002,1.906,36.0,37.0,37.0,25.0,3.0,0.0,12.527,0.0,350.8,350.8,4.5,1.0,0.0,11.472,198.5,198.5,4635.0,1.0,13.0,6.0,0.03,23.842,-26.612,8.612,3.291,11.484,12.524,12.531,0.0,0.0,0.0,0.0,0.0,1.0,10.779,20.898,10.522,0.0,37879.0,2018-02-26 15:46:11.570000+00:00,0.0,0.0,0.0,0.0,24.0,-0.0,-0.0,0.0,0.05,5.58,0.53,155.25,7057.0,0.0,0.0
2020-07-10 01:27:05.178650,27.05,12.524,2.487,12.509,0.005,1.918,36.0,37.0,37.0,25.0,3.0,0.0,12.527,0.0,350.8,350.8,4.5,1.0,0.0,11.472,198.6,198.6,4635.0,1.0,13.0,6.0,0.03,23.992,-26.762,8.612,3.291,11.484,12.524,12.531,0.0,0.1,-0.1,0.0,0.0,1.0,10.779,20.898,10.539,0.0,37939.0,2018-02-26 15:47:11.579000+00:00,0.0,0.0,0.0,0.0,24.0,-0.0,-0.0,0.0,0.033,5.58,0.53,155.25,7057.0,0.0,0.0
2020-07-10 01:28:05.179061,27.07,12.524,2.142,12.509,0.012,1.904,36.0,37.0,37.0,25.0,3.0,0.0,12.527,0.0,350.8,350.8,4.5,1.0,0.0,11.472,198.6,198.6,4635.0,1.0,13.0,6.0,0.06,23.817,-26.557,8.612,3.291,11.484,12.521,12.531,0.0,0.1,-0.1,0.0,0.0,1.0,10.779,20.898,10.555,0.0,37999.0,2018-02-26 15:48:11.587000+00:00,0.0,0.0,0.0,0.0,24.0,-0.0,-0.0,0.0,0.033,5.59,0.53,155.25,7057.0,0.0,0.0
2020-07-10 01:29:05.179104,27.08,12.527,1.822,12.509,0.005,1.858,36.0,37.0,37.0,25.0,3.0,0.0,12.524,0.0,350.8,350.8,4.5,1.0,0.0,11.472,198.6,198.6,4635.0,1.0,13.0,6.0,0.06,23.242,-25.982,8.612,3.291,11.484,12.521,12.531,0.0,0.1,-0.1,0.0,0.0,1.0,10.779,20.898,10.572,0.0,38059.0,2018-02-26 15:49:11.596000+00:00,0.0,0.0,0.0,0.0,24.0,-0.0,-0.0,0.0,0.033,5.6,0.53,155.25,7057.0,0.0,0.0
2020-07-10 01:30:05.179107,27.1,12.521,1.608,12.509,0.014,1.901,36.0,37.0,37.0,25.0,3.0,0.0,12.521,0.0,350.8,350.8,4.5,1.0,0.0,11.472,198.7,198.7,4635.0,1.0,13.0,6.0,0.091,23.78,-26.489,8.612,3.291,11.484,12.521,12.531,0.0,0.2,-0.2,0.0,0.0,1.0,10.779,20.898,10.589,0.0,38119.0,2018-02-26 15:50:11.604000+00:00,0.0,0.0,0.0,0.0,24.0,-0.0,-0.0,0.0,0.033,5.61,0.53,155.25,7057.0,0.0,0.0
2020-07-10 01:31:05.178990,27.12,12.521,1.392,12.509,0.005,2.005,36.0,37.0,37.0,25.0,3.0,0.0,12.521,0.0,350.8,350.8,4.5,1.0,0.0,11.472,198.7,198.7,4635.0,1.0,13.0,6.0,0.03,25.081,-27.851,8.612,3.291,11.484,12.521,12.531,0.0,0.2,-0.2,0.0,0.0,1.0,10.779,20.898,10.605,0.0,38179.0,2018-02-26 15:51:11.612000+00:00,0.0,0.0,0.0,0.0,24.0,-0.0,-0.0,0.0,0.033,5.62,0.53,155.25,7057.0,0.0,0.0
2020-07-10 01:32:05.179109,27.13,12.521,1.178,12.509,0.002,1.969,36.0,36.0,36.0,25.0,3.0,0.0,12.521,0.0,350.8,350.8,4.5,1.0,0.0,11.472,198.7,198.7,4635.0,1.0,13.0,6.0,0.03,24.63,-27.4,8.612,3.291,11.484,12.521,12.531,0.0,0.2,-0.2,0.0,0.0,1.0,10.779,20.898,10.622,0.0,38239.0,2018-02-26 15:52:11.620000+00:00,0.0,0.0,0.0,0.0,24.0,-0.0,-0.0,0.0,0.033,5.62,0.53,155.25,7057.0,0.0,0.0
2020-07-10 01:33:05.179075,27.15,12.521,0.964,12.509,0.005,1.945,36.0,36.0,36.0,25.0,3.0,0.0,12.521,0.0,350.8,350.8,4.5,1.0,0.0,11.472,198.8,198.8,4635.0,1.0,13.0,6.0,0.03,24.33,-27.1,8.612,3.291,11.484,12.521,12.531,0.0,0.3,-0.3,0.0,0.0,1.0,10.779,20.898,10.639,0.0,38299.0,2018-02-26 15:53:11.628000+00:00,0.0,0.0,0.0,0.0,24.0,-0.0,-0.0,0.0,0.033,5.63,0.53,155.25,7057.0,0.0,0.0
2020-07-10 01:34:05.179082,27.17,12.521,0.854,12.509,0.005,1.945,36.0,36.0,36.0,25.0,3.0,0.0,12.521,0.0,350.8,350.8,4.5,1.0,0.0,11.472,198.8,198.8,4635.0,1.0,13.0,6.0,0.03,24.33,-27.1,8.612,3.291,11.484,12.518,12.531,0.0,0.3,-0.3,0.0,0.0,1.0,10.779,20.898,10.655,0.0,38359.0,2018-02-26 15:54:11.636000+00:00,0.0,0.0,0.0,0.0,24.0,-0.0,-0.0,0.0,0.033,5.64,0.53,155.25,7057.0,0.0,0.0
2020-07-10 01:35:05.179056,27.18,12.521,0.662,12.509,0.002,1.959,36.0,36.0,36.0,25.0,3.0,0.0,12.521,0.0,350.8,350.8,4.5,1.0,0.0,11.472,198.8,198.8,4635.0,1.0,13.0,6.0,0.03,24.505,-27.275,8.612,3.291,11.484,12.518,12.531,0.0,0.3,-0.3,0.0,0.0,1.0,10.779,20.898,10.672,0.0,38419.0,2018-02-26 15:55:11.644000+00:00,0.0,0.0,0.0,0.0,24.0,-0.0,-0.0,0.0,0.033,5.65,0.53,155.25,7057.0,0.0,0.0
2020-07-10 01:36:05.179003,27.2,12.521,0.555,12.509,0.005,1.952,36.0,36.0,36.0,25.0,3.0,0.0,12.521,0.0,350.8,350.8,4.5,1.0,0.0,11.472,198.9,198.9,4635.0,1.0,13.0,6.0,0.03,24.418,-27.188,8.612,3.291,11.484,12.518,12.531,0.0,0.4,-0.4,0.0,0.0,1.0,10.779,20.898,10.689,0.0,38479.0,2018-02-26 15:56:11.652000+00:00,0.0,0.0,0.0,0.0,24.0,-0.0,-0.0,0.0,0.033,5.66,0.53,155.25,7057.0,0.0,0.0
2020-07-10 01:37:05.178969,27.22,12.521,0.455,12.509,0.005,1.95,36.0,36.0,36.0,25.0,3.0,0.0,12.521,0.0,350.8,350.8,4.5,1.0,0.0,11.472,198.9,198.9,4635.0,1.0,13.0,6.0,0.03,24.393,-27.163,8.612,3.291,11.484,12.518,12.531,0.0,0.4,-0.4,0.0,0.0,1.0,10.779,20.898,10.705,0.0,38539.0,2018-02-26 15:57:11.660000+00:00,0.0,0.0,0.0,0.0,24.0,-0.0,-0.0,0.0,0.033,5.66,0.53,155.25,7057.0,0.0,0.0
2020-07-10 01:38:05.178963,27.23,12.521,0.427,12.509,0.002,1.863,35.0,36.0,36.0,25.0,3.0,0.0,12.521,0.0,350.8,350.8,4.5,1.0,0.0,11.472,198.9,198.9,4635.0,1.0,13.0,6.0,0.03,23.304,-26.074,8.612,3.291,11.484,12.518,12.531,0.0,0.4,-0.4,0.0,0.0,1.0,10.779,20.898,10.722,0.0,38599.0,2018-02-26 15:58:11.668000+00:00,0.0,0.0,0.0,0.0,24.0,-0.0,-0.0,0.0,0.033,5.67,0.53,155.25,7057.0,0.0,0.0
2020-07-10 01:39:05.178966,27.25,12.521,0.32,12.509,0.005,1.863,35.0,36.0,36.0,25.0,3.0,0.0,12.521,0.0,350.8,350.8,4.5,1.0,0.0,11.472,199.0,199.0,4635.0,1.0,13.0,6.0,0.03,23.304,-26.074,8.612,3.291,11.484,12.518,12.531,0.0,0.5,-0.5,0.0,0.0,1.0,10.779,20.898,10.739,0.0,38659.0,2018-02-26 15:59:11.677000+00:00,0.0,0.0,0.0,0.0,24.0,-0.0,-0.0,0.0,0.033,5.68,0.53,155.25,7057.0,0.0,0.0
2020-07-10 01:40:05.178957,27.27,12.521,0.32,12.509,0.005,1.865,35.0,36.0,36.0,25.0,3.0,0.0,12.521,0.0,350.8,350.8,4.5,1.0,0.0,11.472,199.0,199.0,4635.0,1.0,13.0,6.0,0.03,23.329,-26.099,8.612,3.291,11.484,12.518,12.531,0.0,0.5,-0.5,0.0,0.0,1.0,10.779,20.898,10.755,0.0,38719.0,2018-02-26 16:00:11.685000+00:00,0.0,0.0,0.0,0.0,24.0,-0.0,-0.0,0.0,0.033,5.69,0.53,155.25,7057.0,0.0,0.0
2020-07-10 01:41:05.178970,27.28,12.521,0.22,12.509,0.005,1.894,35.0,36.0,36.0,25.0,3.0,0.0,12.521,0.0,350.8,350.8,4.5,1.0,0.0,11.472,199.0,199.0,4635.0,1.0,13.0,6.0,0.03,23.692,-26.462,8.612,3.291,11.484,12.518,12.531,0.0,0.5,-0.5,0.0,0.0,1.0,10.779,20.898,10.772,0.0,38779.0,2018-02-26 16:01:11.694000+00:00,0.0,0.0,0.0,0.0,24.0,-0.0,-0.0,0.0,0.033,5.7,0.53,155.25,7057.0,0.0,0.0
2020-07-10 01:42:05.178904,27.3,12.521,0.214,12.506,0.002,1.908,35.0,36.0,36.0,25.0,3.0,0.0,12.521,0.0,350.8,350.8,4.5,1.0,0.0,11.472,199.0,199.0,4635.0,1.0,13.0,6.0,0.03,23.861,-26.631,8.612,3.291,11.484,12.518,12.531,0.0,0.5,-0.5,0.0,0.0,1.0,10.779,20.898,10.789,0.0,38839.0,2018-02-26 16:02:11.702000+00:00,0.0,0.0,0.0,0.0,24.0,-0.0,-0.0,0.0,0.033,5.7,0.53,155.25,7057.0,0.0,0.0
2020-07-10 01:43:05.178940,27.32,12.521,0.204,12.509,0.002,1.863,35.0,35.0,35.0,25.0,3.0,0.0,12.521,0.0,350.8,350.8,4.5,1.0,0.0,11.472,199.1,199.1,4635.0,1.0,13.0,6.0,0.03,23.304,-26.074,8.612,3.291,11.484,12.518,12.531,0.0,0.6,-0.6,0.0,0.0,1.0,10.779,20.898,10.805,0.0,38899.0,2018-02-26 16:03:11.711000+00:00,0.0,0.0,0.0,0.0,24.0,-0.0,-0.0,0.0,0.033,5.71,0.53,155.25,7057.0,0.0,0.0
2020-07-10 01:44:05.178911,27.33,12.521,0.128,12.509,0.005,1.86,35.0,35.0,35.0,25.0,3.0,0.0,12.521,0.0,350.8,350.8,4.5,1.0,0.0,11.472,199.1,199.1,4635.0,1.0,13.0,6.0,0.03,23.267,-26.037,8.612,3.291,11.484,12.518,12.531,0.0,0.6,-0.6,0.0,0.0,1.0,10.779,20.898,10.822,0.0,38959.0,2018-02-26 16:04:11.719000+00:00,0.0,0.0,0.0,0.0,24.0,-0.0,-0.0,0.0,0.033,5.72,0.53,155.25,7057.0,0.0,0.0
2020-07-10 01:45:05.178830,27.35,12.521,0.107,12.506,0.002,1.976,35.0,35.0,35.0,25.0,3.0,0.0,12.521,0.0,350.8,350.8,4.5,1.0,0.0,11.472,199.1,199.1,4635.0,1.0,13.0,6.0,0.03,24.712,-27.482,8.612,3.291,11.484,12.518,12.531,0.0,0.6,-0.6,0.0,0.0,1.0,10.779,20.898,10.839,0.0,39019.0,2018-02-26 16:05:11.727000+00:00,0.0,0.0,0.0,0.0,24.0,-0.0,-0.0,0.0,0.033,5.73,0.53,155.25,7057.0,0.0,0.0
2020-07-10 01:46:05.178992,27.37,12.521,0.107,12.509,0.005,1.925,35.0,35.0,35.0,25.0,3.0,0.0,12.521,0.0,350.8,350.8,4.5,1.0,0.0,11.472,199.2,199.2,4635.0,1.0,13.0,6.0,0.03,24.08,-26.85,8.612,3.291,11.484,12.518,12.531,0.0,0.7,-0.7,0.0,0.0,1.0,10.779,20.898,10.855,0.0,39079.0,2018-02-26 16:06:11.736000+00:00,0.0,0.0,0.0,0.0,24.0,-0.0,-0.0,0.0,0.033,5.74,0.53,155.25,7057.0,0.0,0.0
2020-07-10 01:47:05.178948,27.38,12.521,0.107,12.506,0.005,1.925,35.0,35.0,35.0,25.0,3.0,0.0,12.521,0.0,350.8,350.8,4.5,1.0,0.0,11.472,199.2,199.2,4635.0,1.0,13.0,6.0,0.03,24.074,-26.844,8.612,3.291,11.484,12.518,12.531,0.0,0.7,-0.7,0.0,0.0,1.0,10.779,20.898,10.872,0.0,39139.0,2018-02-26 16:07:11.744000+00:00,0.0,0.0,0.0,0.0,24.0,-0.0,-0.0,0.0,0.017,5.74,0.53,155.25,7057.0,0.0,0.0
2020-07-10 01:48:05.178929,27.4,12.521,0.107,12.509,0.005,1.896,35.0,35.0,35.0,25.0,3.0,0.0,12.521,0.0,350.8,350.8,4.5,1.0,0.0,11.472,199.2,199.2,4635.0,1.0,13.0,6.0,0.03,23.717,-26.487,8.612,3.291,11.484,12.518,12.531,0.0,0.7,-0.7,0.0,0.0,1.0,10.779,20.898,10.889,0.0,39199.0,2018-02-26 16:08:11.752000+00:00,0.0,0.0,0.0,0.0,24.0,-0.0,-0.0,0.0,0.017,5.75,0.53,155.25,7057.0,0.0,0.0
2020-07-10 01:49:05.178933,27.42,12.521,0.107,12.509,0.005,1.889,34.0,35.0,35.0,25.0,3.0,0.0,12.521,0.0,350.8,350.8,4.5,1.0,0.0,11.472,199.3,199.3,4635.0,1.0,13.0,6.0,0.03,23.63,-26.4,8.612,3.291,11.484,12.518,12.531,0.0,0.8,-0.8,0.0,0.0,1.0,10.779,20.898,10.905,0.0,39259.0,2018-02-26 16:09:11.760000+00:00,0.0,0.0,0.0,0.0,24.0,-0.0,-0.0,0.0,0.017,5.76,0.53,155.25,7057.0,0.0,0.0
2020-07-10 01:50:05.178964,27.43,12.521,0.101,12.506,0.002,1.911,34.0,35.0,35.0,25.0,3.0,0.0,12.521,0.0,350.8,350.8,4.5,1.0,0.0,11.472,199.3,199.3,4635.0,1.0,13.0,6.0,0.03,23.899,-26.669,8.612,3.291,11.484,12.515,12.531,0.0,0.8,-0.8,0.0,0.0,1.0,10.779,20.898,10.922,0.0,39319.0,2018-02-26 16:10:11.768000+00:00,0.0,0.0,0.0,0.0,24.0,-0.0,-0.0,0.0,0.017,5.77,0.53,155.25,7057.0,0.0,0.0
2020-07-10 01:51:05.178890,27.45,12.521,0.079,12.503,0.005,1.904,34.0,35.0,35.0,25.0,3.0,0.0,12.521,0.0,350.8,350.8,4.5,1.0,0.0,11.472,199.3,199.3,4635.0,1.0,13.0,6.0,0.03,23.806,-26.576,8.612,3.291,11.484,12.515,12.531,0.0,0.8,-0.8,0.0,0.0,1.0,10.779,20.898,10.939,0.0,39379.0,2018-02-26 16:11:11.776000+00:00,0.0,0.0,0.0,0.0,24.0,-0.0,-0.0,0.0,0.017,5.78,0.53,155.25,7057.0,0.0,0.0
2020-07-10 01:52:05.178931,27.47,12.521,0.049,12.497,0.005,1.916,34.0,35.0,35.0,25.0,3.0,0.0,12.521,0.0,350.8,350.8,4.5,1.0,0.0,11.472,199.4,199.4,4635.0,1.0,13.0,6.0,0.03,23.944,-26.714,8.612,3.291,11.484,12.515,12.531,0.0,0.9,-0.9,0.0,0.0,1.0,10.779,20.898,10.955,0.0,39439.0,2018-02-26 16:12:11.784000+00:00,0.0,0.0,0.0,0.0,24.0,-0.0,-0.0,0.0,0.017,5.78,0.53,155.25,7057.0,0.0,0.0
2020-07-10 01:53:05.178924,27.48,12.521,0.027,12.5,0.005,1.889,34.0,35.0,35.0,25.0,3.0,0.0,12.521,0.0,350.8,350.8,4.5,1.0,0.0,11.472,199.4,199.4,4635.0,1.0,13.0,6.0,0.03,23.612,-26.382,8.612,3.291,11.484,12.515,12.531,0.0,0.9,-0.9,0.0,0.0,1.0,10.779,20.898,10.972,0.0,39499.0,2018-02-26 16:13:11.793000+00:00,0.0,0.0,0.0,0.0,24.0,-0.0,-0.0,0.0,0.017,5.79,0.53,155.25,7057.0,0.0,0.0
2020-07-10 01:54:05.178926,27.5,12.521,0.021,12.509,0.005,1.848,34.0,35.0,35.0,25.0,3.0,0.0,12.521,0.0,350.8,350.8,4.5,1.0,0.0,11.472,199.4,199.4,4635.0,1.0,13.0,6.0,0.03,23.117,-25.887,8.612,3.291,11.484,12.515,12.531,0.0,0.9,-0.9,0.0,0.0,1.0,10.779,20.898,10.989,0.0,39559.0,2018-02-26 16:14:11.802000+00:00,0.0,0.0,0.0,0.0,24.0,-0.0,-0.0,0.0,0.017,5.8,0.53,155.25,7057.0,0.0,0.0
2020-07-10 01:55:05.178851,27.52,12.521,0.021,12.494,0.005,1.877,34.0,35.0,35.0,25.0,3.0,0.0,12.521,0.0,350.8,350.8,4.5,1.0,0.0,11.472,199.5,199.5,4635.0,1.0,13.0,6.0,0.03,23.451,-26.221,8.612,3.291,11.484,12.515,12.531,0.0,1.0,-1.0,0.0,0.0,1.0,10.779,20.898,11.005,0.0,39619.0,2018-02-26 16:15:11.810000+00:00,0.0,0.0,0.0,0.0,24.0,-0.0,-0.0,0.0,0.017,5.81,0.53,155.25,7057.0,0.0,0.0
2020-07-10 01:56:05.178955,27.53,12.518,0.021,12.473,0.014,1.923,34.0,35.0,35.0,25.0,3.0,0.0,12.518,0.0,350.8,350.8,4.5,1.0,0.0,11.472,199.5,199.5,4635.0,1.0,13.0,6.0,0.151,23.986,-26.635,8.612,3.291,11.484,12.512,12.531,0.0,1.0,-1.0,0.0,0.0,1.0,10.779,20.898,11.022,0.0,39679.0,2018-02-26 16:16:11.819000+00:00,0.0,0.0,0.0,0.0,24.0,-0.0,-0.0,0.0,0.017,5.82,0.53,155.25,7057.0,0.0,0.0
2020-07-10 01:57:05.178926,27.55,12.518,0.021,12.469,0.007,1.918,34.0,35.0,35.0,25.0,3.0,0.0,12.518,0.0,350.8,350.8,4.5,1.0,0.0,11.472,199.5,199.5,4635.0,1.0,13.0,6.0,0.06,23.916,-26.656,8.612,3.291,11.484,12.509,12.531,0.0,1.0,-1.0,0.0,0.0,1.0,10.779,20.898,11.039,0.0,39739.0,2018-02-26 16:17:11.828000+00:00,0.0,0.0,0.0,0.0,24.0,-0.0,-0.0,0.0,0.017,5.82,0.53,155.25,7057.0,0.0,0.0
2020-07-10 01:58:05.178921,27.57,12.518,0.021,12.473,0.007,1.896,34.0,35.0,35.0,25.0,3.0,0.0,12.518,0.0,350.8,350.8,4.5,1.0,0.0,11.472,199.6,199.6,4635.0,1.0,13.0,6.0,0.121,23.649,-26.328,8.612,3.291,11.484,12.509,12.531,0.0,1.1,-1.1,0.0,0.0,1.0,10.779,20.898,11.055,0.0,39799.0,2018-02-26 16:18:11.836000+00:00,0.0,0.0,0.0,0.0,24.0,-0.0,-0.0,0.0,0.017,5.83,0.53,155.25,7057.0,0.0,0.0
2020-07-10 01:59:05.178918,27.58,12.509,0.021,12.469,0.005,1.942,34.0,35.0,35.0,25.0,3.0,0.0,12.509,0.0,350.8,350.8,4.5,1.0,0.0,11.472,199.6,199.6,4635.0,1.0,13.0,6.0,0.03,24.215,-26.985,8.612,3.291,11.484,12.497,12.531,0.0,1.1,-1.1,0.0,0.0,1.0,10.779,20.898,11.072,0.0,39859.0,2018-02-26 16:19:11.845000+00:00,0.0,0.0,0.0,0.0,24.0,-0.0,-0.0,0.0,0.017,5.84,0.53,155.25,7057.0,0.0,0.0
2020-07-10 02:00:05.178915,27.6,12.503,0.021,12.469,0.002,1.945,34.0,35.0,35.0,25.0,3.0,0.0,12.503,0.0,350.8,350.8,4.5,1.0,0.0,11.472,199.6,199.6,4635.0,1.0,13.0,6.0,0.015,24.252,-27.037,8.612,3.291,11.484,12.494,12.531,0.0,1.1,-1.1,0.0,0.0,1.0,10.779,20.898,11.088,0.0,39918.0,2018-02-26 16:20:10.854000+00:00,0.0,0.0,0.0,0.0,24.0,-0.0,-0.0,0.0,0.017,5.85,0.53,155.25,7057.0,0.0,0.0
2020-07-10 02:01:05.178905,27.62,12.497,0.021,12.469,0.005,1.995,34.0,35.0,35.0,25.0,3.0,0.0,12.5,0.0,350.8,350.8,4.5,1.0,0.0,11.472,199.6,199.6,4635.0,1.0,13.0,6.0,0.015,24.876,-27.661,8.612,3.291,11.484,12.491,12.531,0.0,1.1,-1.1,0.0,0.0,1.0,10.779,20.898,11.105,0.0,39978.0,2018-02-26 16:21:10.863000+00:00,0.0,0.0,0.0,0.0,24.0,-0.0,-0.0,0.0,0.017,5.86,0.53,155.25,7057.0,0.0,0.0
2020-07-10 02:02:05.178894,27.63,12.497,0.021,12.469,0.005,1.974,34.0,35.0,35.0,25.0,3.0,0.0,12.5,0.0,350.8,350.8,4.5,1.0,0.0,11.472,199.7,199.7,4635.0,1.0,13.0,6.0,0.03,24.614,-27.384,8.612,3.291,11.484,12.491,12.531,0.0,1.2,-1.2,0.0,0.0,1.0,10.779,20.898,11.122,0.0,40038.0,2018-02-26 16:22:10.872000+00:00,0.0,0.0,0.0,0.0,24.0,-0.0,-0.0,0.0,0.017,5.86,0.53,155.25,7057.0,0.0,0.0
2020-07-10 02:03:05.178917,27.65,12.5,0.021,12.469,0.005,1.945,34.0,35.0,35.0,25.0,3.0,0.0,12.497,0.0,350.8,350.8,4.5,1.0,0.0,11.472,199.7,199.7,4635.0,1.0,13.0,6.0,0.015,24.252,-27.037,8.612,3.291,11.484,12.491,12.531,0.0,1.2,-1.2,0.0,0.0,1.0,10.779,20.898,11.138,0.0,40098.0,2018-02-26 16:23:10.880000+00:00,0.0,0.0,0.0,0.0,24.0,-0.0,-0.0,0.0,0.017,5.87,0.53,155.25,7057.0,0.0,0.0
2020-07-10 02:04:05.178886,27.67,12.497,0.021,12.469,0.002,1.945,34.0,35.0,35.0,25.0,3.0,0.0,12.497,0.0,350.8,350.8,4.5,1.0,0.0,11.472,199.7,199.7,4635.0,1.0,13.0,6.0,0.015,24.252,-27.037,8.612,3.291,11.484,12.488,12.531,0.0,1.2,-1.2,0.0,0.0,1.0,10.779,20.898,11.155,0.0,40158.0,2018-02-26 16:24:10.889000+00:00,0.0,0.0,0.0,0.0,24.0,-0.0,-0.0,0.0,0.017,5.88,0.53,155.25,7057.0,0.0,0.0
2020-07-10 02:05:05.178786,27.68,12.503,0.018,12.469,0.005,1.887,34.0,35.0,35.0,25.0,3.0,0.0,12.497,0.0,350.8,350.8,4.5,1.0,0.0,11.472,199.8,199.8,4636.0,1.0,13.0,6.0,0.03,23.529,-26.299,8.612,3.291,11.484,12.488,12.531,0.0,1.3,-1.3,0.0,0.0,1.0,10.779,20.898,11.172,0.0,40218.0,2018-02-26 16:25:10.898000+00:00,0.0,0.0,0.0,0.0,24.0,-0.0,-0.0,0.0,0.017,5.89,0.53,155.25,7057.0,0.0,0.0
2020-07-10 02:06:05.178754,27.7,12.506,0.021,12.469,0.005,1.887,34.0,35.0,35.0,25.0,3.0,0.0,12.503,0.0,350.8,350.8,4.5,1.0,0.0,11.472,199.8,199.8,4636.0,1.0,13.0,6.0,0.03,23.529,-26.299,8.612,3.291,11.484,12.488,12.531,0.0,1.3,-1.3,0.0,0.0,1.0,10.779,20.898,11.188,0.0,40278.0,2018-02-26 16:26:10.907000+00:00,0.0,0.0,0.0,0.0,24.0,-0.0,-0.0,0.0,0.017,5.9,0.53,155.25,7057.0,0.0,0.0
2020-07-10 02:07:05.178734,27.72,12.503,0.018,12.469,0.005,1.921,34.0,34.0,34.0,25.0,3.0,0.0,12.503,0.0,350.8,350.8,4.5,1.0,0.0,11.472,199.8,199.8,4636.0,1.0,13.0,6.0,0.03,23.953,-26.723,8.612,3.291,11.484,12.488,12.531,0.0,1.3,-1.3,0.0,0.0,1.0,10.779,20.898,11.205,0.0,40338.0,2018-02-26 16:27:10.916000+00:00,0.0,0.0,0.0,0.0,24.0,-0.0,-0.0,0.0,0.017,5.9,0.53,155.25,7057.0,0.0,0.0
2020-07-10 02:08:05.178724,27.73,12.506,0.018,12.469,0.005,1.87,34.0,34.0,34.0,25.0,3.0,0.0,12.506,0.0,350.8,350.8,4.5,1.0,0.0,11.472,199.9,199.9,4636.0,1.0,13.0,6.0,0.03,23.317,-26.087,8.612,3.291,11.484,12.488,12.531,0.0,1.4,-1.4,0.0,0.0,1.0,10.779,20.898,11.222,0.0,40398.0,2018-02-26 16:28:10.925000+00:00,0.0,0.0,0.0,0.0,24.0,-0.0,-0.0,0.0,0.017,5.91,0.53,155.25,7057.0,0.0,0.0
2020-07-10 02:09:05.178719,27.75,12.503,0.021,12.469,0.002,1.877,34.0,34.0,34.0,25.0,3.0,0.0,12.503,0.0,350.8,350.8,4.5,1.0,0.0,11.472,199.9,199.9,4636.0,1.0,13.0,6.0,0.03,23.404,-26.174,8.612,3.291,11.484,12.488,12.531,0.0,1.4,-1.4,0.0,0.0,1.0,10.779,20.898,11.238,0.0,40458.0,2018-02-26 16:29:10.933000+00:00,0.0,0.0,0.0,0.0,24.0,-0.0,-0.0,0.0,0.017,5.92,0.53,155.25,7057.0,0.0,0.0
2020-07-10 02:10:05.178655,27.77,12.5,0.018,12.469,0.005,1.892,34.0,34.0,34.0,25.0,3.0,0.0,12.5,0.0,350.8,350.8,4.5,1.0,0.0,11.472,199.9,199.9,4636.0,1.0,13.0,6.0,0.03,23.591,-26.361,8.612,3.291,11.484,12.488,12.531,0.0,1.4,-1.4,0.0,0.0,1.0,10.779,20.898,11.255,0.0,40518.0,2018-02-26 16:30:10.941000+00:00,0.0,0.0,0.0,0.0,24.0,-0.0,-0.0,0.0,0.017,5.93,0.53,155.25,7057.0,0.0,0.0
2020-07-10 02:11:05.178717,27.78,12.494,0.018,12.469,0.005,1.899,34.0,34.0,34.0,25.0,3.0,0.0,12.497,0.0,350.8,350.8,4.5,1.0,0.0,11.472,200.0,200.0,4636.0,1.0,13.0,6.0,0.015,23.679,-26.464,8.612,3.291,11.484,12.488,12.531,0.0,1.5,-1.5,0.0,0.0,1.0,10.779,20.898,11.272,0.0,40578.0,2018-02-26 16:31:10.949000+00:00,0.0,0.0,0.0,0.0,24.0,-0.0,-0.0,0.0,0.017,5.94,0.53,155.25,7057.0,0.0,0.0
2020-07-10 02:12:05.178705,27.8,12.491,0.018,12.469,0.005,1.911,33.0,34.0,34.0,25.0,3.0,0.0,12.497,0.0,350.8,350.8,4.5,1.0,0.0,11.472,200.0,200.0,4636.0,1.0,13.0,6.0,0.015,23.828,-26.613,8.612,3.291,11.484,12.488,12.531,0.0,1.5,-1.5,0.0,0.0,1.0,10.779,20.898,11.288,0.0,40638.0,2018-02-26 16:32:10.958000+00:00,0.0,0.0,0.0,0.0,24.0,-0.0,-0.0,0.0,0.017,5.94,0.53,155.25,7057.0,0.0,0.0
2020-07-10 02:13:05.178689,27.82,12.494,0.018,12.469,0.005,1.87,33.0,34.0,34.0,25.0,3.0,0.0,12.494,0.0,350.8,350.8,4.5,1.0,0.0,11.472,200.0,200.0,4636.0,1.0,13.0,6.0,0.015,23.317,-26.102,8.612,3.291,11.484,12.485,12.531,0.0,1.5,-1.5,0.0,0.0,1.0,10.779,20.898,11.305,0.0,40698.0,2018-02-26 16:33:10.967000+00:00,0.0,0.0,0.0,0.0,24.0,-0.0,-0.0,0.0,0.017,5.95,0.53,155.25,7057.0,0.0,0.0
2020-07-10 02:14:05.178670,27.83,12.491,0.018,12.469,0.005,1.872,33.0,34.0,34.0,25.0,3.0,0.0,12.494,0.0,350.8,350.8,4.5,1.0,0.0,11.472,200.1,200.1,4636.0,1.0,13.0,6.0,0.015,23.342,-26.127,8.612,3.291,11.484,12.485,12.531,0.0,1.6,-1.6,0.0,0.0,1.0,10.779,20.898,11.322,0.0,40758.0,2018-02-26 16:34:10.976000+00:00,0.0,0.0,0.0,0.0,24.0,-0.0,-0.0,0.0,0.0,5.96,0.53,155.25,7057.0,0.0,0.0
2020-07-10 02:15:05.178784,27.85,12.485,0.018,12.469,0.005,1.918,33.0,34.0,34.0,25.0,3.0,0.0,12.488,0.0,350.8,350.8,4.5,1.0,0.0,11.472,200.1,200.1,4636.0,1.0,13.0,6.0,0.015,23.916,-26.701,8.612,3.291,11.484,12.482,12.531,0.0,1.6,-1.6,0.0,0.0,1.0,10.779,20.898,11.338,0.0,40818.0,2018-02-26 16:35:10.985000+00:00,0.0,0.0,0.0,0.0,24.0,-0.0,-0.0,0.0,0.0,5.97,0.53,155.25,7057.0,0.0,0.0
2020-07-10 02:16:05.178713,27.87,12.488,0.018,12.469,0.005,1.899,33.0,34.0,34.0,25.0,3.0,0.0,12.485,0.0,350.8,350.8,4.5,1.0,0.0,11.472,200.1,200.1,4636.0,1.0,13.0,6.0,0.015,23.679,-26.464,8.612,3.291,11.484,12.482,12.531,0.0,1.6,-1.6,0.0,0.0,1.0,10.779,20.898,11.355,0.0,40878.0,2018-02-26 16:36:10.994000+00:00,0.0,0.0,0.0,0.0,24.0,-0.0,-0.0,0.0,0.0,5.98,0.53,155.25,7057.0,0.0,0.0
2020-07-10 02:17:05.178732,27.88,12.482,0.018,12.469,0.005,1.974,33.0,34.0,34.0,25.0,3.0,0.0,12.485,0.0,350.8,350.8,4.5,1.0,0.0,11.472,200.2,200.2,4636.0,1.0,13.0,6.0,0.015,24.614,-27.399,8.612,3.291,11.484,12.482,12.531,0.0,1.7,-1.7,0.0,0.0,1.0,10.779,20.898,11.372,0.0,40938.0,2018-02-26 16:37:11.003000+00:00,0.0,0.0,0.0,0.0,24.0,-0.0,-0.0,0.0,0.0,5.98,0.53,155.25,7057.0,0.0,0.0
2020-07-10 02:18:05.178685,27.9,12.485,0.018,12.469,0.005,1.913,33.0,34.0,34.0,25.0,3.0,0.0,12.485,0.0,350.8,350.8,4.5,1.0,0.0,11.472,200.2,200.2,4636.0,1.0,13.0,6.0,0.015,23.853,-26.638,8.612,3.291,11.484,12.482,12.531,0.0,1.7,-1.7,0.0,0.0,1.0,10.779,20.898,11.388,0.0,40998.0,2018-02-26 16:38:11.012000+00:00,0.0,0.0,0.0,0.0,24.0,-0.0,-0.0,0.0,0.0,5.99,0.53,155.25,7057.0,0.0,0.0
2020-07-10 02:19:05.178464,27.92,12.482,0.018,12.469,0.005,1.935,33.0,34.0,34.0,25.0,3.0,0.0,12.482,0.0,350.8,350.8,4.5,1.0,0.0,11.472,200.2,200.2,4636.0,1.0,13.0,6.0,0.015,24.128,-26.913,8.612,3.291,11.484,12.482,12.531,0.0,1.7,-1.7,0.0,0.0,1.0,10.779,20.898,11.405,0.0,41058.0,2018-02-26 16:39:11.022000+00:00,0.0,0.0,0.0,0.0,24.0,-0.0,-0.0,0.0,0.0,6.0,0.53,155.25,7057.0,0.0,0.0
2020-07-10 02:20:05.178723,27.93,12.482,0.018,12.469,0.005,1.911,33.0,34.0,34.0,25.0,3.0,0.0,12.482,0.0,350.8,350.8,4.5,1.0,0.0,11.472,200.3,200.3,4636.0,1.0,13.0,6.0,0.015,23.828,-26.613,8.612,3.291,11.484,12.482,12.531,0.0,1.8,-1.8,0.0,0.0,1.0,10.779,20.898,11.422,0.0,41118.0,2018-02-26 16:40:11.031000+00:00,0.0,0.0,0.0,0.0,24.0,-0.0,-0.0,0.0,0.0,6.01,0.53,155.25,7057.0,0.0,0.0
2020-07-10 02:21:05.178707,27.95,12.482,0.018,12.469,0.022,1.901,33.0,34.0,34.0,25.0,3.0,0.0,12.482,0.0,350.8,350.8,4.5,1.0,0.0,11.472,200.3,200.3,4636.0,1.0,13.0,6.0,0.075,23.704,-26.429,8.612,3.291,11.484,12.482,12.531,0.0,1.8,-1.8,0.0,0.0,1.0,10.779,20.898,11.438,0.0,41178.0,2018-02-26 16:41:11.040000+00:00,0.0,0.0,0.0,0.0,24.0,-0.0,-0.0,0.0,0.0,6.02,0.53,155.25,7057.0,0.0,0.0
2020-07-10 02:22:05.178723,27.97,12.482,0.018,12.469,0.019,1.937,33.0,34.0,34.0,25.0,3.0,0.0,12.482,0.0,350.8,350.8,4.5,1.0,0.0,11.472,200.3,200.3,4636.0,1.0,13.0,6.0,0.257,24.152,-26.695,8.612,3.291,11.484,12.482,12.531,0.0,1.8,-1.8,0.0,0.0,1.0,10.779,20.898,11.455,0.0,41238.0,2018-02-26 16:42:11.049000+00:00,0.0,0.0,0.0,0.0,24.0,-0.0,-0.0,0.0,0.0,6.02,0.53,155.25,7057.0,0.0,0.0
2020-07-10 02:23:05.179123,27.98,12.482,0.018,12.469,0.019,1.918,33.0,34.0,34.0,25.0,3.0,0.0,12.482,0.0,350.8,350.8,4.5,1.0,0.0,11.472,200.3,200.3,4636.0,1.0,13.0,6.0,0.075,23.916,-26.641,8.612,3.291,11.484,12.482,12.531,0.0,1.8,-1.8,0.0,0.0,1.0,10.779,20.898,11.472,0.0,41298.0,2018-02-26 16:43:11.059000+00:00,0.0,0.0,0.0,0.0,24.0,-0.0,-0.0,0.0,0.0,6.03,0.53,155.25,7057.0,0.0,0.0
2020-07-10 02:24:05.179170,28.0,12.482,0.018,12.469,0.005,1.925,33.0,34.0,34.0,25.0,3.0,0.0,12.482,0.0,350.8,350.8,4.5,1.0,0.0,11.472,200.4,200.4,4636.0,1.0,13.0,6.0,0.015,24.003,-26.788,8.612,3.291,11.484,12.479,12.531,0.0,1.9,-1.9,0.0,0.0,1.0,10.779,20.898,11.488,0.0,41358.0,2018-02-26 16:44:11.068000+00:00,0.0,0.0,0.0,0.0,24.0,-0.0,-0.0,0.0,0.0,6.04,0.53,155.25,7057.0,0.0,0.0
2020-07-10 02:25:05.179005,28.02,12.482,0.021,12.469,0.005,1.995,33.0,34.0,34.0,25.0,3.0,0.0,12.482,0.0,350.8,350.8,4.5,1.0,0.0,11.472,200.4,200.4,4636.0,1.0,13.0,6.0,0.015,24.876,-27.661,8.612,3.291,11.484,12.479,12.531,0.0,1.9,-1.9,0.0,0.0,1.0,10.779,20.898,11.505,0.0,41418.0,2018-02-26 16:45:11.077000+00:00,0.0,0.0,0.0,0.0,24.0,-0.0,-0.0,0.0,0.0,6.05,0.53,155.25,7057.0,0.0,0.0
2020-07-10 02:26:05.178997,28.03,12.482,0.021,12.469,0.005,1.957,33.0,34.0,34.0,25.0,3.0,0.0,12.482,0.0,350.8,350.8,4.5,1.0,0.0,11.472,200.4,200.4,4636.0,1.0,13.0,6.0,0.015,24.402,-27.187,8.612,3.291,11.484,12.479,12.531,0.0,1.9,-1.9,0.0,0.0,1.0,10.779,20.898,11.522,0.0,41478.0,2018-02-26 16:46:11.086000+00:00,0.0,0.0,0.0,0.0,24.0,-0.0,-0.0,0.0,0.0,6.06,0.53,155.25,7057.0,0.0,0.0
2020-07-10 02:27:05.179064,28.05,12.482,0.018,12.466,0.005,1.971,33.0,34.0,34.0,25.0,3.0,0.0,12.482,0.0,350.8,350.8,4.5,1.0,0.0,11.472,200.5,200.5,4636.0,1.0,13.0,6.0,0.015,24.57,-27.355,8.612,3.291,11.484,12.479,12.531,0.0,2.0,-2.0,0.0,0.0,1.0,10.779,20.898,11.538,0.0,41538.0,2018-02-26 16:47:11.096000+00:00,0.0,0.0,0.0,0.0,24.0,-0.0,-0.0,0.0,0.0,6.06,0.53,155.25,7057.0,0.0,0.0
2020-07-10 02:28:05.179009,28.07,12.482,0.018,12.469,0.002,1.94,33.0,34.0,34.0,25.0,3.0,0.0,12.482,0.0,350.8,350.8,4.5,1.0,0.0,11.472,200.5,200.5,4636.0,1.0,13.0,6.0,0.015,24.19,-26.975,8.612,3.291,11.484,12.479,12.531,0.0,2.0,-2.0,0.0,0.0,1.0,10.779,20.898,11.555,0.0,41598.0,2018-02-26 16:48:11.105000+00:00,0.0,0.0,0.0,0.0,24.0,-0.0,-0.0,0.0,0.0,6.07,0.53,155.25,7057.0,0.0,0.0
2020-07-10 02:29:05.178991,28.08,12.482,0.018,12.466,0.005,1.945,33.0,34.0,34.0,25.0,3.0,0.0,12.482,0.0,350.8,350.8,4.5,1.0,0.0,11.472,200.5,200.5,4636.0,1.0,13.0,6.0,0.015,24.246,-27.031,8.612,3.291,11.484,12.479,12.531,0.0,2.0,-2.0,0.0,0.0,1.0,10.779,20.898,11.572,0.0,41658.0,2018-02-26 16:49:11.114000+00:00,0.0,0.0,0.0,0.0,24.0,-0.0,-0.0,0.0,0.0,6.08,0.53,155.25,7057.0,0.0,0.0
2020-07-10 02:30:05.178977,28.1,12.482,0.021,12.469,0.005,1.906,33.0,34.0,34.0,25.0,3.0,0.0,12.482,0.0,350.8,350.8,4.5,1.0,0.0,11.472,200.6,200.6,4636.0,1.0,13.0,6.0,0.015,23.766,-26.551,8.612,3.291,11.484,12.479,12.531,0.0,2.1,-2.1,0.0,0.0,1.0,10.779,20.898,11.588,0.0,41718.0,2018-02-26 16:50:11.123000+00:00,0.0,0.0,0.0,0.0,24.0,-0.0,-0.0,0.0,0.0,6.09,0.53,155.25,7057.0,0.0,0.0
2020-07-10 02:31:05.178982,28.12,12.482,0.018,12.469,0.005,1.884,33.0,34.0,34.0,25.0,3.0,0.0,12.482,0.0,350.8,350.8,4.5,1.0,0.0,11.472,200.6,200.6,4636.0,1.0,13.0,6.0,0.015,23.492,-26.277,8.612,3.291,11.484,12.479,12.531,0.0,2.1,-2.1,0.0,0.0,1.0,10.779,20.898,11.605,0.0,41778.0,2018-02-26 16:51:11.133000+00:00,0.0,0.0,0.0,0.0,24.0,-0.0,-0.0,0.0,0.0,6.1,0.53,155.25,7057.0,0.0,0.0
2020-07-10 02:32:05.178978,28.13,12.482,0.018,12.469,0.005,1.87,33.0,34.0,34.0,25.0,3.0,0.0,12.482,0.0,350.8,350.8,4.5,1.0,0.0,11.472,200.6,200.6,4636.0,1.0,13.0,6.0,0.015,23.317,-26.102,8.612,3.291,11.484,12.479,12.531,0.0,2.1,-2.1,0.0,0.0,1.0,10.779,20.898,11.622,0.0,41838.0,2018-02-26 16:52:11.142000+00:00,0.0,0.0,0.0,0.0,24.0,-0.0,-0.0,0.0,0.0,6.1,0.53,155.25,7057.0,0.0,0.0
2020-07-10 02:33:05.178963,28.15,12.482,0.018,12.469,0.005,1.865,33.0,34.0,34.0,25.0,3.0,0.0,12.482,0.0,350.8,350.8,4.5,1.0,0.0,11.472,200.7,200.7,4636.0,1.0,13.0,6.0,0.015,23.255,-26.04,8.612,3.291,11.484,12.479,12.531,0.0,2.2,-2.2,0.0,0.0,1.0,10.779,20.898,11.638,0.0,41898.0,2018-02-26 16:53:11.151000+00:00,0.0,0.0,0.0,0.0,24.0,-0.0,-0.0,0.0,0.0,6.11,0.53,155.25,7057.0,0.0,0.0
2020-07-10 02:34:05.178952,28.17,12.482,0.018,12.469,0.005,1.872,33.0,34.0,34.0,25.0,3.0,0.0,12.482,0.0,350.8,350.8,4.5,1.0,0.0,11.472,200.7,200.7,4636.0,1.0,13.0,6.0,0.015,23.342,-26.127,8.612,3.291,11.484,12.479,12.531,0.0,2.2,-2.2,0.0,0.0,1.0,10.779,20.898,11.655,0.0,41958.0,2018-02-26 16:54:11.159000+00:00,0.0,0.0,0.0,0.0,24.0,-0.0,-0.0,0.0,0.0,6.12,0.53,155.25,7057.0,0.0,0.0
2020-07-10 02:35:05.179032,28.18,12.482,0.021,12.457,0.005,1.923,33.0,34.0,34.0,25.0,3.0,0.0,12.482,0.0,350.8,350.8,4.5,1.0,0.0,11.472,200.7,200.7,4636.0,1.0,13.0,6.0,0.015,23.955,-26.74,8.612,3.291,11.484,12.476,12.531,0.0,2.2,-2.2,0.0,0.0,1.0,10.779,20.898,11.672,0.0,42018.0,2018-02-26 16:55:11.167000+00:00,0.0,0.0,0.0,0.0,24.0,-0.0,-0.0,0.0,0.0,6.13,0.53,155.25,7057.0,0.0,0.0
2020-07-10 02:36:05.178979,28.2,12.482,0.018,12.457,0.002,1.918,33.0,34.0,34.0,25.0,3.0,0.0,12.482,0.0,350.8,350.8,4.5,1.0,0.0,11.472,200.8,200.8,4636.0,1.0,13.0,6.0,0.015,23.893,-26.678,8.612,3.291,11.484,12.476,12.531,0.0,2.3,-2.3,0.0,0.0,1.0,10.779,20.898,11.688,0.0,42078.0,2018-02-26 16:56:11.175000+00:00,0.0,0.0,0.0,0.0,24.0,-0.0,-0.0,0.0,0.0,6.14,0.53,155.25,7057.0,0.0,0.0
2020-07-10 02:37:05.179001,28.22,12.482,0.018,12.454,0.005,1.921,33.0,34.0,34.0,25.0,3.0,0.0,12.482,0.0,350.8,350.8,4.5,1.0,0.0,11.472,200.8,200.8,4636.0,1.0,13.0,6.0,0.015,23.924,-26.709,8.612,3.291,11.484,12.476,12.531,0.0,2.3,-2.3,0.0,0.0,1.0,10.779,20.898,11.705,0.0,42138.0,2018-02-26 16:57:11.183000+00:00,0.0,0.0,0.0,0.0,24.0,-0.0,-0.0,0.0,0.0,6.14,0.53,155.25,7057.0,0.0,0.0
2020-07-10 02:38:05.178968,28.23,12.482,0.021,12.46,0.005,1.896,33.0,34.0,34.0,25.0,3.0,0.0,12.482,0.0,350.8,350.8,4.5,1.0,0.0,11.472,200.8,200.8,4636.0,1.0,13.0,6.0,0.015,23.624,-26.409,8.612,3.291,11.484,12.476,12.531,0.0,2.3,-2.3,0.0,0.0,1.0,10.779,20.898,11.722,0.0,42198.0,2018-02-26 16:58:11.191000+00:00,0.0,0.0,0.0,0.0,24.0,-0.0,-0.0,0.0,0.0,6.15,0.53,155.25,7057.0,0.0,0.0
2020-07-10 02:39:05.178977,28.25,12.482,0.018,12.442,0.005,1.908,33.0,34.0,34.0,25.0,3.0,0.0,12.479,0.0,350.8,350.8,4.5,1.0,0.0,11.472,200.9,200.9,4636.0,1.0,13.0,6.0,0.015,23.739,-26.524,8.612,3.291,11.484,12.473,12.531,0.0,2.4,-2.4,0.0,0.0,1.0,10.779,20.898,11.738,0.0,42258.0,2018-02-26 16:59:11.200000+00:00,0.0,0.0,0.0,0.0,24.0,-0.0,-0.0,0.0,0.0,6.16,0.53,155.25,7057.0,0.0,0.0
2020-07-10 02:40:05.178928,28.27,12.479,0.018,12.436,0.005,1.93,33.0,34.0,34.0,25.0,3.0,0.0,12.479,0.0,350.8,350.8,4.5,1.0,0.0,11.472,200.9,200.9,4636.0,1.0,13.0,6.0,0.015,24.001,-26.786,8.612,3.291,11.484,12.466,12.531,0.0,2.4,-2.4,0.0,0.0,1.0,10.779,20.898,11.755,0.0,42318.0,2018-02-26 17:00:11.208000+00:00,0.0,0.0,0.0,0.0,24.0,-0.0,-0.0,0.0,0.0,6.17,0.53,155.25,7057.0,0.0,0.0
2020-07-10 02:41:05.179013,28.28,12.473,0.021,12.433,0.022,1.935,33.0,34.0,34.0,25.0,3.0,0.0,12.479,0.0,350.8,350.8,4.5,1.0,0.0,11.472,200.9,200.9,4636.0,1.0,13.0,6.0,0.196,24.058,-26.662,8.612,3.291,11.484,12.466,12.531,0.0,2.4,-2.4,0.0,0.0,1.0,10.779,20.898,11.772,0.0,42378.0,2018-02-26 17:01:11.217000+00:00,0.0,0.0,0.0,0.0,24.0,-0.0,-0.0,0.0,0.0,6.18,0.53,155.25,7057.0,0.0,0.0
2020-07-10 02:42:05.179221,28.3,12.476,0.018,12.433,0.014,1.933,33.0,34.0,34.0,25.0,3.0,0.0,12.476,0.0,350.8,350.8,4.5,1.0,0.0,11.472,201.0,201.0,4636.0,1.0,13.0,6.0,0.136,24.033,-26.697,8.612,3.291,11.484,12.466,12.531,0.0,2.5,-2.5,0.0,0.0,1.0,10.779,20.898,11.788,0.0,42438.0,2018-02-26 17:02:11.225000+00:00,0.0,0.0,0.0,0.0,24.0,-0.0,-0.0,0.0,0.0,6.18,0.53,155.25,7057.0,0.0,0.0
2020-07-10 02:43:05.178994,28.32,12.466,0.018,12.433,0.002,1.928,33.0,34.0,34.0,25.0,3.0,0.0,12.466,0.0,350.8,350.8,4.5,1.0,0.0,11.472,201.0,201.0,4636.0,1.0,13.0,6.0,0.015,23.971,-26.756,8.612,3.291,11.484,12.454,12.531,0.0,2.5,-2.5,0.0,0.0,1.0,10.779,20.898,11.805,0.0,42498.0,2018-02-26 17:03:11.234000+00:00,0.0,0.0,0.0,0.0,24.0,-0.0,-0.0,0.0,0.0,6.19,0.53,155.25,7057.0,0.0,0.0
2020-07-10 02:44:05.178978,28.33,12.46,0.021,12.433,0.002,1.954,33.0,34.0,34.0,25.0,3.0,0.0,12.457,0.0,350.8,350.8,4.5,1.0,0.0,11.472,201.0,201.0,4636.0,1.0,13.0,6.0,0.015,24.294,-27.079,8.612,3.291,11.484,12.451,12.531,0.0,2.5,-2.5,0.0,0.0,1.0,10.779,20.898,11.822,0.0,42558.0,2018-02-26 17:04:11.243000+00:00,0.0,0.0,0.0,0.0,24.0,-0.0,-0.0,0.0,0.0,6.2,0.53,155.25,7057.0,0.0,0.0
2020-07-10 02:45:05.178987,28.35,12.451,0.018,12.433,0.002,1.998,33.0,34.0,34.0,25.0,3.0,0.0,12.457,0.0,350.8,350.8,4.5,1.0,0.0,11.472,201.1,201.1,4636.0,1.0,13.0,6.0,0.015,24.841,-27.626,8.612,3.291,11.484,12.451,12.531,0.0,2.6,-2.6,0.0,0.0,1.0,10.779,20.898,11.838,0.0,42618.0,2018-02-26 17:05:11.251000+00:00,0.0,0.0,0.0,0.0,24.0,-0.0,-0.0,0.0,0.0,6.21,0.53,155.25,7057.0,0.0,0.0
2020-07-10 02:46:05.178953,28.37,12.454,0.018,12.433,0.005,1.983,33.0,33.0,33.0,25.0,3.0,0.0,12.454,0.0,350.8,350.8,4.5,1.0,0.0,11.472,201.1,201.1,4636.0,1.0,13.0,6.0,0.015,24.655,-27.44,8.612,3.291,11.484,12.451,12.531,0.0,2.6,-2.6,0.0,0.0,1.0,10.779,20.898,11.855,0.0,42678.0,2018-02-26 17:06:11.260000+00:00,0.0,0.0,0.0,0.0,24.0,-0.0,-0.0,0.0,0.0,6.22,0.53,155.25,7057.0,0.0,0.0
2020-07-10 02:47:05.179076,28.38,12.454,0.021,12.433,0.005,1.947,33.0,33.0,33.0,25.0,3.0,0.0,12.454,0.0,350.8,350.8,4.5,1.0,0.0,11.472,201.1,201.1,4636.0,1.0,13.0,6.0,0.015,24.207,-26.992,8.612,3.291,11.484,12.448,12.531,0.0,2.6,-2.6,0.0,0.0,1.0,10.779,20.898,11.872,0.0,42738.0,2018-02-26 17:07:11.269000+00:00,0.0,0.0,0.0,0.0,24.0,-0.0,-0.0,0.0,0.0,6.22,0.53,155.25,7057.0,0.0,0.0
2020-07-10 02:48:05.178927,28.4,12.454,0.018,12.433,0.002,1.947,32.0,33.0,33.0,25.0,3.0,0.0,12.454,0.0,350.8,350.8,4.5,1.0,0.0,11.472,201.2,201.2,4636.0,1.0,13.0,6.0,0.015,24.207,-26.992,8.612,3.291,11.484,12.448,12.531,0.0,2.7,-2.7,0.0,0.0,1.0,10.779,20.898,11.888,0.0,42798.0,2018-02-26 17:08:11.277000+00:00,0.0,0.0,0.0,0.0,24.0,-0.0,-0.0,0.0,0.0,6.23,0.53,155.25,7057.0,0.0,0.0
2020-07-10 02:49:05.178957,28.42,12.454,0.018,12.433,0.005,1.952,32.0,33.0,33.0,25.0,3.0,0.0,12.454,0.0,350.8,350.8,4.5,1.0,0.0,11.472,201.2,201.2,4636.0,1.0,13.0,6.0,0.015,24.269,-27.054,8.612,3.291,11.484,12.448,12.531,0.0,2.7,-2.7,0.0,0.0,1.0,10.779,20.898,11.905,0.0,42858.0,2018-02-26 17:09:11.286000+00:00,0.0,0.0,0.0,0.0,24.0,-0.0,-0.0,0.0,0.0,6.24,0.53,155.25,7057.0,0.0,0.0
2020-07-10 02:50:05.178821,28.43,12.463,0.018,12.433,0.005,1.889,32.0,33.0,33.0,25.0,3.0,0.0,12.463,0.0,350.8,350.8,4.5,1.0,0.0,11.472,201.2,201.2,4636.0,1.0,13.0,6.0,0.015,23.486,-26.271,8.612,3.291,11.484,12.448,12.531,0.0,2.7,-2.7,0.0,0.0,1.0,10.779,20.898,11.922,0.0,42918.0,2018-02-26 17:10:11.295000+00:00,0.0,0.0,0.0,0.0,24.0,-0.0,-0.0,0.0,0.0,6.25,0.53,155.25,7057.0,0.0,0.0
2020-07-10 02:51:05.178821,28.45,12.457,0.018,12.433,0.005,1.911,32.0,33.0,33.0,25.0,3.0,0.0,12.463,0.0,350.8,350.8,4.5,1.0,0.0,11.472,201.2,201.2,4636.0,1.0,13.0,6.0,0.015,23.759,-26.544,8.612,3.291,11.484,12.448,12.531,0.0,2.7,-2.7,0.0,0.0,1.0,10.779,20.898,11.938,0.0,42978.0,2018-02-26 17:11:11.304000+00:00,0.0,0.0,0.0,0.0,24.0,-0.0,-0.0,0.0,0.0,6.26,0.53,155.25,7057.0,0.0,0.0
2020-07-10 02:52:05.178822,28.47,12.46,0.021,12.433,0.005,1.877,32.0,33.0,33.0,25.0,3.0,0.0,12.46,0.0,350.8,350.8,4.5,1.0,0.0,11.472,201.3,201.3,4636.0,1.0,13.0,6.0,0.015,23.337,-26.122,8.612,3.291,11.484,12.448,12.531,0.0,2.8,-2.8,0.0,0.0,1.0,10.779,20.898,11.955,0.0,43038.0,2018-02-26 17:12:11.312000+00:00,0.0,0.0,0.0,0.0,24.0,-0.0,-0.0,0.0,0.0,6.26,0.53,155.25,7057.0,0.0,0.0
2020-07-10 02:53:05.178824,28.48,12.457,0.018,12.433,0.005,1.892,32.0,33.0,33.0,25.0,3.0,0.0,12.457,0.0,350.8,350.8,4.5,1.0,0.0,11.472,201.3,201.3,4636.0,1.0,13.0,6.0,0.015,23.523,-26.308,8.612,3.291,11.484,12.448,12.531,0.0,2.8,-2.8,0.0,0.0,1.0,10.779,20.898,11.972,0.0,43098.0,2018-02-26 17:13:11.321000+00:00,0.0,0.0,0.0,0.0,24.0,-0.0,-0.0,0.0,0.0,6.27,0.53,155.25,7057.0,0.0,0.0
2020-07-10 02:54:05.178822,28.5,12.451,0.021,12.433,0.002,1.896,32.0,33.0,33.0,25.0,3.0,0.0,12.454,0.0,350.8,350.8,4.5,1.0,0.0,11.472,201.3,201.3,4636.0,1.0,13.0,6.0,0.015,23.573,-26.358,8.612,3.291,11.484,12.448,12.531,0.0,2.8,-2.8,0.0,0.0,1.0,10.779,20.898,11.988,0.0,43158.0,2018-02-26 17:14:11.330000+00:00,0.0,0.0,0.0,0.0,24.0,-0.0,-0.0,0.0,0.0,6.28,0.53,155.25,7057.0,0.0,0.0
2020-07-10 02:55:05.178938,28.52,12.451,0.018,12.433,0.002,1.942,32.0,33.0,33.0,25.0,3.0,0.0,12.451,0.0,350.8,350.8,4.5,1.0,0.0,11.472,201.4,201.4,4636.0,1.0,13.0,6.0,0.015,24.145,-26.93,8.612,3.291,11.484,12.439,12.531,0.0,2.9,-2.9,0.0,0.0,1.0,10.779,20.898,12.005,0.0,43218.0,2018-02-26 17:15:11.339000+00:00,0.0,0.0,0.0,0.0,25.0,1.0,1.0,0.2,0.017,6.31,0.55,155.23,7056.0,0.0,0.0
2020-07-10 02:56:05.178823,28.53,12.451,0.018,12.433,0.005,1.899,32.0,33.0,33.0,25.0,3.0,0.0,12.451,0.0,350.8,350.8,4.5,1.0,0.0,11.472,201.4,201.4,4636.0,1.0,13.0,6.0,0.015,23.61,-26.395,8.612,3.291,11.484,12.439,12.531,0.0,2.9,-2.9,0.0,0.0,1.0,10.779,20.898,12.022,0.0,43278.0,2018-02-26 17:16:11.348000+00:00,0.0,0.0,0.0,0.0,25.0,-0.0,-0.0,0.2,0.017,6.32,0.55,155.23,7056.0,0.0,0.0
2020-07-10 02:57:05.178857,28.55,12.451,0.021,12.433,0.005,1.872,32.0,33.0,33.0,25.0,3.0,0.0,12.451,0.0,350.8,350.8,4.5,1.0,0.0,11.472,201.4,201.4,4636.0,1.0,13.0,6.0,0.015,23.275,-26.06,8.612,3.291,11.484,12.439,12.531,0.0,2.9,-2.9,0.0,0.0,1.0,10.779,20.898,12.038,0.0,43338.0,2018-02-26 17:17:11.357000+00:00,0.0,0.0,0.0,0.0,25.0,-0.0,-0.0,0.2,0.017,6.33,0.55,155.23,7056.0,0.0,0.0
2020-07-10 02:58:05.178860,28.57,12.448,0.018,12.433,0.005,1.923,32.0,33.0,33.0,25.0,3.0,0.0,12.451,0.0,350.8,350.8,4.5,1.0,0.0,11.472,201.5,201.5,4636.0,1.0,13.0,6.0,0.015,23.909,-26.694,8.612,3.291,11.484,12.439,12.531,0.0,3.0,-3.0,0.0,0.0,1.0,10.779,20.898,12.055,0.0,43398.0,2018-02-26 17:18:11.366000+00:00,0.0,0.0,0.0,0.0,25.0,-0.0,-0.0,0.2,0.017,6.33,0.55,155.23,7056.0,0.0,0.0
2020-07-10 02:59:05.178799,28.58,12.448,0.031,12.433,0.005,1.923,32.0,33.0,33.0,25.0,3.0,0.0,12.448,0.0,350.8,350.8,4.5,1.0,0.0,11.472,201.5,201.5,4636.0,1.0,13.0,6.0,0.015,23.909,-26.694,8.612,3.291,11.484,12.439,12.531,0.0,3.0,-3.0,0.0,0.0,1.0,10.779,20.898,12.072,0.0,43458.0,2018-02-26 17:19:11.374000+00:00,0.0,0.0,0.0,0.0,25.0,-0.0,-0.0,0.2,0.017,6.34,0.55,155.23,7056.0,0.0,0.0
2020-07-10 03:00:05.178815,28.6,12.448,0.009,12.433,0.005,1.918,32.0,33.0,33.0,25.0,3.0,0.0,12.448,0.0,350.8,350.8,4.5,1.0,0.0,11.472,201.5,201.5,4636.0,1.0,13.0,6.0,0.015,23.846,-26.631,8.612,3.291,11.484,12.439,12.531,0.0,3.0,-3.0,0.0,0.0,1.0,10.779,20.898,12.088,0.0,43518.0,2018-02-26 17:20:11.383000+00:00,0.0,0.0,0.0,0.0,25.0,-0.0,-0.0,0.0,0.017,6.35,0.55,155.23,7056.0,0.0,0.0
2020-07-10 03:01:05.178822,28.62,12.448,0.012,12.433,0.017,1.894,32.0,33.0,33.0,25.0,3.0,0.0,12.448,0.0,350.8,350.8,4.5,1.0,0.0,11.472,201.6,201.6,4636.0,1.0,13.0,6.0,0.136,23.548,-26.212,8.612,3.291,11.484,12.439,12.531,0.0,3.1,-3.1,0.0,0.0,1.0,10.779,20.898,12.105,0.0,43578.0,2018-02-26 17:21:11.392000+00:00,0.0,0.0,0.0,0.0,25.0,-0.0,-0.0,0.0,0.017,6.36,0.55,155.23,7056.0,0.0,0.0
2020-07-10 03:02:05.178813,28.63,12.445,0.009,12.433,0.019,1.918,32.0,33.0,33.0,25.0,3.0,0.0,12.445,0.0,350.8,350.8,4.5,1.0,0.0,11.472,201.6,201.6,4636.0,1.0,13.0,6.0,0.226,23.846,-26.42,8.612,3.291,11.484,12.439,12.531,0.0,3.1,-3.1,0.0,0.0,1.0,10.779,20.898,12.122,0.0,43638.0,2018-02-26 17:22:11.401000+00:00,0.0,0.0,0.0,0.0,25.0,-0.0,-0.0,0.0,0.017,6.37,0.55,155.23,7056.0,0.0,0.0
2020-07-10 03:03:05.178875,28.65,12.445,0.006,12.433,0.005,1.937,32.0,33.0,33.0,25.0,3.0,0.0,12.445,0.0,350.8,350.8,4.5,1.0,0.0,11.472,201.6,201.6,4636.0,1.0,13.0,6.0,0.015,24.083,-26.868,8.612,3.291,11.484,12.439,12.531,0.0,3.1,-3.1,0.0,0.0,1.0,10.779,20.898,12.138,0.0,43698.0,2018-02-26 17:23:11.410000+00:00,0.0,0.0,0.0,0.0,25.0,-0.0,-0.0,0.0,0.017,6.37,0.55,155.23,7056.0,0.0,0.0
2020-07-10 03:04:05.178781,28.67,12.445,0.006,12.433,0.005,1.995,32.0,33.0,33.0,25.0,3.0,0.0,12.445,0.0,350.8,350.8,4.5,1.0,0.0,11.472,201.7,201.7,4636.0,1.0,13.0,6.0,0.015,24.804,-27.589,8.612,3.291,11.484,12.439,12.531,0.0,3.2,-3.2,0.0,0.0,1.0,10.779,20.898,12.155,0.0,43758.0,2018-02-26 17:24:11.419000+00:00,0.0,0.0,0.0,0.0,25.0,-0.0,-0.0,0.0,0.017,6.38,0.55,155.23,7056.0,0.0,0.0
2020-07-10 03:05:05.178776,28.68,12.445,0.009,12.433,0.002,1.991,32.0,33.0,33.0,25.0,3.0,0.0,12.445,0.0,350.8,350.8,4.5,1.0,0.0,11.472,201.7,201.7,4637.0,1.0,13.0,6.0,0.015,24.754,-27.539,8.612,3.291,11.484,12.439,12.531,0.0,3.2,-3.2,0.0,0.0,1.0,10.779,20.898,12.172,0.0,43818.0,2018-02-26 17:25:11.428000+00:00,0.0,0.0,0.0,0.0,25.0,-0.0,-0.0,0.0,0.017,6.39,0.55,155.23,7056.0,0.0,0.0
2020-07-10 03:06:05.178804,28.7,12.445,0.006,12.433,0.005,1.964,32.0,33.0,33.0,25.0,3.0,0.0,12.445,0.0,350.8,350.8,4.5,1.0,0.0,11.472,201.7,201.7,4637.0,1.0,13.0,6.0,0.015,24.418,-27.203,8.612,3.291,11.484,12.439,12.531,0.0,3.2,-3.2,0.0,0.0,1.0,10.779,20.898,12.188,0.0,43878.0,2018-02-26 17:26:11.437000+00:00,0.0,0.0,0.0,0.0,25.0,-0.0,-0.0,0.0,0.017,6.4,0.55,155.23,7056.0,0.0,0.0
2020-07-10 03:07:05.178777,28.72,12.445,0.006,12.433,0.002,1.974,32.0,33.0,33.0,25.0,3.0,0.0,12.445,0.0,350.8,350.8,4.5,1.0,0.0,11.472,201.8,201.8,4637.0,1.0,13.0,6.0,0.015,24.543,-27.328,8.612,3.291,11.484,12.439,12.531,0.0,3.3,-3.3,0.0,0.0,1.0,10.779,20.898,12.205,0.0,43938.0,2018-02-26 17:27:11.446000+00:00,0.0,0.0,0.0,0.0,25.0,-0.0,-0.0,0.0,0.017,6.41,0.55,155.23,7056.0,0.0,0.0
2020-07-10 03:08:05.178758,28.73,12.445,0.009,12.433,0.002,1.981,32.0,33.0,33.0,25.0,3.0,0.0,12.445,0.0,350.8,350.8,4.5,1.0,0.0,11.472,201.8,201.8,4637.0,1.0,13.0,6.0,0.015,24.63,-27.415,8.612,3.291,11.484,12.439,12.531,0.0,3.3,-3.3,0.0,0.0,1.0,10.779,20.898,12.222,0.0,43998.0,2018-02-26 17:28:11.454000+00:00,0.0,0.0,0.0,0.0,25.0,-0.0,-0.0,0.0,0.017,6.41,0.55,155.23,7056.0,0.0,0.0
2020-07-10 03:09:05.178812,28.75,12.445,0.009,12.433,0.005,1.916,32.0,33.0,33.0,25.0,3.0,0.0,12.445,0.0,350.8,350.8,4.5,1.0,0.0,11.472,201.8,201.8,4637.0,1.0,13.0,6.0,0.015,23.822,-26.607,8.612,3.291,11.484,12.439,12.531,0.0,3.3,-3.3,0.0,0.0,1.0,10.779,20.898,12.238,0.0,44058.0,2018-02-26 17:29:11.462000+00:00,0.0,0.0,0.0,0.0,25.0,-0.0,-0.0,0.0,0.017,6.42,0.55,155.23,7056.0,0.0,0.0
2020-07-10 03:10:05.178659,28.77,12.445,0.009,12.433,0.005,1.911,32.0,33.0,33.0,25.0,3.0,0.0,12.445,0.0,350.8,350.8,4.5,1.0,0.0,11.472,201.9,201.9,4637.0,1.0,13.0,6.0,0.015,23.759,-26.544,8.612,3.291,11.484,12.439,12.531,0.0,3.4,-3.4,0.0,0.0,1.0,10.779,20.898,12.255,0.0,44118.0,2018-02-26 17:30:11.470000+00:00,0.0,0.0,0.0,0.0,25.0,-0.0,-0.0,0.0,0.017,6.43,0.55,155.23,7056.0,0.0,0.0
2020-07-10 03:11:05.178661,28.78,12.445,0.006,12.433,0.005,1.86,32.0,33.0,33.0,25.0,3.0,0.0,12.445,0.0,350.8,350.8,4.5,1.0,0.0,11.472,201.9,201.9,4637.0,1.0,13.0,6.0,0.015,23.125,-25.91,8.612,3.291,11.484,12.439,12.531,0.0,3.4,-3.4,0.0,0.0,1.0,10.779,20.898,12.272,0.0,44178.0,2018-02-26 17:31:11.478000+00:00,0.0,0.0,0.0,0.0,25.0,-0.0,-0.0,0.0,0.017,6.44,0.55,155.23,7056.0,0.0,0.0
2020-07-10 03:12:05.178637,28.8,12.445,0.012,12.433,0.005,1.882,32.0,33.0,33.0,25.0,3.0,0.0,12.445,0.0,350.8,350.8,4.5,1.0,0.0,11.472,201.9,201.9,4637.0,1.0,13.0,6.0,0.015,23.399,-26.184,8.612,3.291,11.484,12.439,12.531,0.0,3.4,-3.4,0.0,0.0,1.0,10.779,20.898,12.288,0.0,44238.0,2018-02-26 17:32:11.486000+00:00,0.0,0.0,0.0,0.0,25.0,-0.0,-0.0,0.0,0.017,6.45,0.55,155.23,7056.0,0.0,0.0
2020-07-10 03:13:05.178627,28.82,12.445,0.009,12.433,0.002,1.86,32.0,33.0,33.0,25.0,3.0,0.0,12.445,0.0,350.8,350.8,4.5,1.0,0.0,11.472,202.0,202.0,4637.0,1.0,13.0,6.0,0.015,23.125,-25.91,8.612,3.291,11.484,12.439,12.531,0.0,3.5,-3.5,0.0,0.0,1.0,10.779,20.898,12.305,0.0,44298.0,2018-02-26 17:33:11.494000+00:00,0.0,0.0,0.0,0.0,25.0,-0.0,-0.0,0.0,0.017,6.45,0.55,155.23,7056.0,0.0,0.0
2020-07-10 03:14:05.178641,28.83,12.445,0.012,12.433,0.005,1.894,32.0,33.0,33.0,25.0,3.0,0.0,12.445,0.0,350.8,350.8,4.5,1.0,0.0,11.472,202.0,202.0,4637.0,1.0,13.0,6.0,0.015,23.548,-26.333,8.612,3.291,11.484,12.439,12.531,0.0,3.5,-3.5,0.0,0.0,1.0,10.779,20.898,12.322,0.0,44358.0,2018-02-26 17:34:11.503000+00:00,0.0,0.0,0.0,0.0,25.0,-0.0,-0.0,0.0,0.017,6.46,0.55,155.23,7056.0,0.0,0.0
2020-07-10 03:15:05.178758,28.85,12.445,0.009,12.433,0.005,1.933,32.0,33.0,33.0,25.0,3.0,0.0,12.445,0.0,350.8,350.8,4.5,1.0,0.0,11.472,202.0,202.0,4637.0,1.0,13.0,6.0,0.015,24.033,-26.818,8.612,3.291,11.484,12.439,12.531,0.0,3.5,-3.5,0.0,0.0,1.0,10.779,20.898,12.338,0.0,44418.0,2018-02-26 17:35:11.511000+00:00,0.0,0.0,0.0,0.0,25.0,-0.0,-0.0,0.0,0.017,6.47,0.55,155.23,7056.0,0.0,0.0
2020-07-10 03:16:05.178659,28.87,12.445,0.009,12.433,0.005,1.884,32.0,33.0,33.0,25.0,3.0,0.0,12.445,0.0,350.8,350.8,4.5,1.0,0.0,11.472,202.0,202.0,4637.0,1.0,13.0,6.0,0.015,23.424,-26.209,8.612,3.291,11.484,12.439,12.531,0.0,3.5,-3.5,0.0,0.0,1.0,10.779,20.898,12.355,0.0,44478.0,2018-02-26 17:36:11.519000+00:00,0.0,0.0,0.0,0.0,25.0,-0.0,-0.0,0.0,0.017,6.48,0.55,155.23,7056.0,0.0,0.0
2020-07-10 03:17:05.178441,28.88,12.445,0.009,12.433,0.005,1.94,32.0,33.0,33.0,25.0,3.0,0.0,12.445,0.0,350.8,350.8,4.5,1.0,0.0,11.472,202.1,202.1,4637.0,1.0,13.0,6.0,0.015,24.12,-26.905,8.612,3.291,11.484,12.439,12.531,0.0,3.6,-3.6,0.0,0.0,1.0,10.779,20.898,12.372,0.0,44538.0,2018-02-26 17:37:11.527000+00:00,0.0,0.0,0.0,0.0,25.0,-0.0,-0.0,0.0,0.017,6.49,0.55,155.23,7056.0,0.0,0.0
2020-07-10 03:18:05.179101,28.9,12.445,0.012,12.433,0.002,1.925,32.0,33.0,33.0,25.0,3.0,0.0,12.445,0.0,350.8,350.8,4.5,1.0,0.0,11.472,202.1,202.1,4637.0,1.0,13.0,6.0,0.015,23.934,-26.719,8.612,3.291,11.484,12.439,12.531,0.0,3.6,-3.6,0.0,0.0,1.0,10.779,20.898,12.388,0.0,44598.0,2018-02-26 17:38:11.536000+00:00,0.0,0.0,0.0,0.0,25.0,-0.0,-0.0,0.0,0.017,6.49,0.55,155.23,7056.0,0.0,0.0
2020-07-10 03:19:05.179079,28.92,12.445,0.012,12.433,0.005,1.928,32.0,33.0,33.0,25.0,3.0,0.0,12.445,0.0,350.8,350.8,4.5,1.0,0.0,11.472,202.1,202.1,4637.0,1.0,13.0,6.0,0.015,23.971,-26.756,8.612,3.291,11.484,12.439,12.531,0.0,3.6,-3.6,0.0,0.0,1.0,10.779,20.898,12.405,0.0,44658.0,2018-02-26 17:39:11.544000+00:00,0.0,0.0,0.0,0.0,25.0,-0.0,-0.0,0.0,0.017,6.5,0.55,155.23,7056.0,0.0,0.0
2020-07-10 03:20:05.179102,28.93,12.445,0.012,12.433,0.005,1.93,32.0,33.0,33.0,25.0,3.0,0.0,12.445,0.0,350.8,350.8,4.5,1.0,0.0,11.472,202.2,202.2,4637.0,1.0,13.0,6.0,0.015,23.996,-26.781,8.612,3.291,11.484,12.439,12.531,0.0,3.7,-3.7,0.0,0.0,1.0,10.779,20.898,12.422,0.0,44718.0,2018-02-26 17:40:11.553000+00:00,0.0,0.0,0.0,0.0,25.0,-0.0,-0.0,0.0,0.017,6.51,0.55,155.23,7056.0,0.0,0.0
2020-07-10 03:21:05.178981,28.95,12.445,0.012,12.433,0.022,1.918,31.0,32.0,32.0,25.0,3.0,0.0,12.445,0.0,350.8,350.8,4.5,1.0,0.0,11.472,202.2,202.2,4637.0,1.0,13.0,6.0,0.075,23.846,-26.571,8.612,3.291,11.484,12.439,12.531,0.0,3.7,-3.7,0.0,0.0,1.0,10.779,20.898,12.438,0.0,44778.0,2018-02-26 17:41:11.561000+00:00,0.0,0.0,0.0,0.0,25.0,-0.0,-0.0,0.0,0.017,6.52,0.55,155.23,7056.0,0.0,0.0
2020-07-10 03:22:05.179043,28.97,12.445,0.009,12.433,0.031,1.892,31.0,32.0,32.0,25.0,3.0,0.0,12.445,0.0,350.8,350.8,4.5,1.0,0.0,11.472,202.2,202.2,4637.0,1.0,13.0,6.0,0.075,23.523,-26.248,8.612,3.291,11.484,12.439,12.531,0.0,3.7,-3.7,0.0,0.0,1.0,10.779,20.898,12.455,0.0,44838.0,2018-02-26 17:42:11.570000+00:00,0.0,0.0,0.0,0.0,25.0,-0.0,-0.0,0.0,0.017,6.53,0.55,155.23,7056.0,0.0,0.0
2020-07-10 03:23:05.179064,28.98,12.445,0.015,12.433,0.005,1.998,31.0,32.0,32.0,25.0,3.0,0.0,12.445,0.0,350.8,350.8,4.5,1.0,0.0,11.472,202.3,202.3,4637.0,1.0,13.0,6.0,0.015,24.841,-27.626,8.612,3.291,11.484,12.439,12.531,0.0,3.8,-3.8,0.0,0.0,1.0,10.779,20.898,12.472,0.0,44898.0,2018-02-26 17:43:11.578000+00:00,0.0,0.0,0.0,0.0,25.0,-0.0,-0.0,0.0,0.017,6.53,0.55,155.23,7056.0,0.0,0.0
2020-07-10 03:24:05.179061,29.0,12.445,0.015,12.43,0.002,1.983,31.0,32.0,32.0,25.0,3.0,0.0,12.445,0.0,350.8,350.8,4.5,1.0,0.0,11.472,202.3,202.3,4637.0,1.0,13.0,6.0,0.015,24.649,-27.434,8.612,3.291,11.484,12.439,12.531,0.0,3.8,-3.8,0.0,0.0,1.0,10.779,20.898,12.488,0.0,44958.0,2018-02-26 17:44:11.587000+00:00,0.0,0.0,0.0,0.0,25.0,-0.0,-0.0,0.0,0.017,6.54,0.55,155.23,7056.0,0.0,0.0
2020-07-10 03:25:05.179013,29.02,12.445,0.018,12.43,0.002,1.979,31.0,32.0,32.0,25.0,3.0,0.0,12.445,0.0,350.8,350.8,4.5,1.0,0.0,11.472,202.3,202.3,4637.0,1.0,13.0,6.0,0.015,24.599,-27.384,8.612,3.291,11.484,12.439,12.531,0.0,3.8,-3.8,0.0,0.0,1.0,10.779,20.898,12.505,0.0,45018.0,2018-02-26 17:45:11.595000+00:00,0.0,0.0,0.0,0.0,25.0,-0.0,-0.0,0.0,0.017,6.55,0.55,155.23,7056.0,0.0,0.0
2020-07-10 03:26:05.178994,29.03,12.445,0.018,12.43,0.005,1.976,31.0,32.0,32.0,25.0,3.0,0.0,12.445,0.0,350.8,350.8,4.5,1.0,0.0,11.472,202.4,202.4,4637.0,1.0,13.0,6.0,0.015,24.562,-27.347,8.612,3.291,11.484,12.439,12.531,0.0,3.9,-3.9,0.0,0.0,1.0,10.779,20.898,12.522,0.0,45078.0,2018-02-26 17:46:11.604000+00:00,0.0,0.0,0.0,0.0,25.0,-0.0,-0.0,0.0,0.017,6.56,0.55,155.23,7056.0,0.0,0.0
2020-07-10 03:27:05.179044,29.05,12.445,0.018,12.43,0.002,1.964,31.0,32.0,32.0,25.0,3.0,0.0,12.445,0.0,350.8,350.8,4.5,1.0,0.0,11.472,202.4,202.4,4637.0,1.0,13.0,6.0,0.015,24.413,-27.198,8.612,3.291,11.484,12.439,12.531,0.0,3.9,-3.9,0.0,0.0,1.0,10.779,20.898,12.538,0.0,45138.0,2018-02-26 17:47:11.612000+00:00,0.0,0.0,0.0,0.0,25.0,-0.0,-0.0,0.0,0.017,6.57,0.55,155.23,7056.0,0.0,0.0
2020-07-10 03:28:05.178976,29.07,12.445,0.015,12.43,0.005,1.981,31.0,32.0,32.0,25.0,3.0,0.0,12.445,0.0,350.8,350.8,4.5,1.0,0.0,11.472,202.4,202.4,4637.0,1.0,13.0,6.0,0.015,24.624,-27.409,8.612,3.291,11.484,12.439,12.531,0.0,3.9,-3.9,0.0,0.0,1.0,10.779,20.898,12.555,0.0,45198.0,2018-02-26 17:48:11.621000+00:00,0.0,0.0,0.0,0.0,25.0,-0.0,-0.0,0.0,0.017,6.57,0.55,155.23,7056.0,0.0,0.0
2020-07-10 03:29:05.179005,29.08,12.445,0.015,12.433,0.002,1.923,31.0,32.0,32.0,25.0,3.0,0.0,12.445,0.0,350.8,350.8,4.5,1.0,0.0,11.472,202.5,202.5,4637.0,1.0,13.0,6.0,0.015,23.909,-26.694,8.612,3.291,11.484,12.439,12.531,0.0,4.0,-4.0,0.0,0.0,1.0,10.779,20.898,12.572,0.0,45258.0,2018-02-26 17:49:11.630000+00:00,0.0,0.0,0.0,0.0,25.0,-0.0,-0.0,0.0,0.017,6.58,0.55,155.23,7056.0,0.0,0.0
2020-07-10 03:30:05.178934,29.1,12.445,0.018,12.433,0.005,1.901,31.0,32.0,32.0,25.0,3.0,0.0,12.445,0.0,350.8,350.8,4.5,1.0,0.0,11.472,202.5,202.5,4637.0,1.0,13.0,6.0,0.015,23.635,-26.42,8.612,3.291,11.484,12.439,12.531,0.0,4.0,-4.0,0.0,0.0,1.0,10.779,20.898,12.588,0.0,45318.0,2018-02-26 17:50:11.638000+00:00,0.0,0.0,0.0,0.0,25.0,-0.0,-0.0,0.0,0.017,6.59,0.55,155.23,7056.0,0.0,0.0
2020-07-10 03:31:05.178928,29.12,12.445,0.018,12.433,0.002,1.884,31.0,32.0,32.0,25.0,3.0,0.0,12.445,0.0,350.8,350.8,4.5,1.0,0.0,11.472,202.5,202.5,4637.0,1.0,13.0,6.0,0.015,23.424,-26.209,8.612,3.291,11.484,12.439,12.531,0.0,4.0,-4.0,0.0,0.0,1.0,10.779,20.898,12.605,0.0,45378.0,2018-02-26 17:51:11.647000+00:00,0.0,0.0,0.0,0.0,25.0,-0.0,-0.0,0.0,0.017,6.6,0.55,155.23,7056.0,0.0,0.0
2020-07-10 03:32:05.178915,29.13,12.445,0.012,12.433,0.005,1.87,31.0,32.0,32.0,25.0,3.0,0.0,12.445,0.0,350.8,350.8,4.5,1.0,0.0,11.472,202.6,202.6,4637.0,1.0,13.0,6.0,0.015,23.25,-26.035,8.612,3.291,11.484,12.439,12.531,0.0,4.1,-4.1,0.0,0.0,1.0,10.779,20.898,12.622,0.0,45438.0,2018-02-26 17:52:11.655000+00:00,0.0,0.0,0.0,0.0,25.0,-0.0,-0.0,0.0,0.017,6.61,0.55,155.23,7056.0,0.0,0.0
2020-07-10 03:33:05.178908,29.15,12.445,0.012,12.433,0.005,1.892,31.0,32.0,32.0,25.0,3.0,0.0,12.445,0.0,350.8,350.8,4.5,1.0,0.0,11.472,202.6,202.6,4637.0,1.0,13.0,6.0,0.015,23.523,-26.308,8.612,3.291,11.484,12.439,12.531,0.0,4.1,-4.1,0.0,0.0,1.0,10.779,20.898,12.638,0.0,45498.0,2018-02-26 17:53:11.664000+00:00,0.0,0.0,0.0,0.0,25.0,-0.0,-0.0,0.0,0.017,6.61,0.55,155.23,7056.0,0.0,0.0
2020-07-10 03:34:05.178900,29.17,12.445,0.012,12.433,0.005,1.918,31.0,32.0,32.0,25.0,3.0,0.0,12.445,0.0,350.8,350.8,4.5,1.0,0.0,11.472,202.6,202.6,4637.0,1.0,13.0,6.0,0.015,23.846,-26.631,8.612,3.291,11.484,12.439,12.531,0.0,4.1,-4.1,0.0,0.0,1.0,10.779,20.898,12.655,0.0,45558.0,2018-02-26 17:54:11.672000+00:00,0.0,0.0,0.0,0.0,25.0,-0.0,-0.0,0.0,0.017,6.62,0.55,155.23,7056.0,0.0,0.0
